Conventions,G,BADC-CSV,1
title,G,uk-daily-temperature-obs
source,G,Met Office MIDAS database
creator,G,Met Office
activity,G,Met Office MIDAS Open: UK Land Surface Stations Data
feature_type,G,point series
collection_name,G,midas-open
collection_version_number,G,dataset-version-202007
history,G,Created 2020-07-15
last_revised_date,G,2020-07-15
observation_station,G,london-st-jamess-park
historic_county_name,G,greater-london
midas_station_id,G,00697
location,G,51.505,-0.131
height,G,5,m
date_valid,G,2014-01-01 00:00:00,2014-12-31 23:59:59
midas_qc_version_number,G,1
comments,G,The midas_qc_version_number indicates if the data are original received message (0) or current best version (1)
comments,G,This file contains station observations
comments,G,missing values are identified with the missing data flag
missing_value,G,NA
coordinate_variable,ob_end_time,t
long_name,ob_end_time,Date and time at end of observation,s
type,ob_end_time,char
comments,ob_end_time,Date and time (YYYY-MM-DD HH:MM:SS) at the end of the observation period
comments,ob_end_time,Use ob_end_time in conjunction with ob_hour_count to determine the period over which the observation relates.
comments,ob_end_time,Common periods include 12 hour observations ending at 0900 or 2100 or 24 hour observations ending at 0900.
long_name,id_type,identifier type,1
type,id_type,char
comments,id_type,a station may have more than one id assigned to it defined by id_type
long_name,id,station identifier,1
type,id,char
comments,id,a station may have more than one id assigned to it 
long_name,ob_hour_count,observation hour count,hours
type,ob_hour_count,int
comments,ob_hour_count,number of hours the observation period spans
long_name,version_num,midas qc version number,1
type,version_num,int
comments,version_num,The midas_qc_version_number indicates if the data are original received message (0) or current best version (1)
long_name,met_domain_name,message type,1
type,met_domain_name,char
comments,met_domain_name,message type (see MIDAS documentation)
long_name,src_id,unique MIDAS source identifier,1
type,src_id,int
long_name,rec_st_ind,state indicator for the record,1
type,rec_st_ind,int
comments,rec_st_ind,state indicator for the current stage in the life of the record (see MIDAS documentation)
long_name,max_air_temp,maximum air temperature,degC
type,max_air_temp,float
comments,max_air_temp,maximum air temperature recorded during the observation period
long_name,min_air_temp,minimum air temperature,degC
type,min_air_temp,float
comments,min_air_temp,minimum air temperature recorded during the observation period
long_name,min_grss_temp,minimum grass temperature, degC
type,min_grss_temp,float
comments,min_grss_temp,minimum grass temperature recorded during the observation period
long_name,min_conc_temp,minimum concrete temperature, degC
type,min_conc_temp,float
comments,min_conc_temp,minimum concrete temperature recorded during the observation period
long_name,max_air_temp_q,maximum air temperature qc code,1
type,max_air_temp_q,int
comments,max_air_temp_q,maximum air temperature qc code (see MIDAS documentation)
long_name,min_air_temp_q,minimum air temperature qc code,1
type,min_air_temp_q,int
comments,min_air_temp_q,minimum air temperature qc code (see MIDAS documentation)
long_name,min_grss_temp_q,minimum grass temperature qc code,1
type,min_grss_temp_q,int
comments,min_grss_temp_q,minimum grass temperature qc code (see MIDAS documentation)
long_name,min_conc_temp_q,minimum concrete temperature qc code,1
type,min_conc_temp_q,int
comments,min_conc_temp_q,minimum concrete temperature qc code (see MIDAS documentation)
long_name,max_air_temp_j,maximum air temperature descriptor code,1
type,max_air_temp_j,int
comments,max_air_temp_j,maximum air temperature descriptor code (see MIDAS documentation)
long_name,min_air_temp_j,minimum air temperature descriptor code,1
type,min_air_temp_j,int
comments,min_air_temp_j,minimum air temperature descriptor code (see MIDAS documentation)
long_name,min_grss_temp_j,minimum grass temperature descriptor code,1
type,min_grss_temp_j,int
comments,min_grss_temp_j,minimum grass temperature descriptor code (see MIDAS documentation)
long_name,min_conc_temp_j,minimum concrete temperature descriptor code,1
type,min_conc_temp_j,int
comments,min_conc_temp_j,minimum concrete temperature descriptor code (see MIDAS documentation)
long_name,meto_stmp_time,Met Office receipt stamp time,s
type,meto_stmp_time,char
comments,meto_stmp_time,Met Office receipt stamp time as YYYY-MM-DD HH:MM:SS
long_name,midas_stmp_etime,elapsed time to storage in MIDAS,minutes
type,midas_stmp_etime,int
comments,midas_stmp_etime,elapsed time to storage in MIDAS in minutes
data
ob_end_time,id_type,id,ob_hour_count,version_num,met_domain_name,src_id,rec_st_ind,max_air_temp,min_air_temp,min_grss_temp,min_conc_temp,max_air_temp_q,min_air_temp_q,min_grss_temp_q,min_conc_temp_q,max_air_temp_j,min_air_temp_j,min_grss_temp_j,min_conc_temp_j,meto_stmp_time,midas_stmp_etime
2014-01-01 09:00:00,DCNN,5034,12,1,NCM,697,1011,9.3,5.6,1.2,2,6,6,6,6,NA,NA,NA,NA,2014-01-01 08:54:00,0
2014-01-01 21:00:00,DCNN,5034,12,1,NCM,697,1011,11.8,8.2,NA,NA,6,6,NA,NA,NA,NA,NA,NA,2014-01-01 20:57:00,0
2014-01-02 09:00:00,DCNN,5034,12,1,NCM,697,1011,11.7,6.1,2.4,3.2,6,6,6,6,NA,NA,NA,NA,2014-01-02 08:54:00,0
2014-01-02 21:00:00,DCNN,5034,12,1,NCM,697,1011,10.8,6.4,NA,NA,6,6,NA,NA,NA,NA,NA,NA,2014-01-02 20:55:00,0
2014-01-03 09:00:00,DCNN,5034,12,1,NCM,697,1011,11.1,7.8,4.7,5.1,6,6,6,6,NA,NA,NA,NA,2014-01-03 08:54:00,0
2014-01-03 21:00:00,DCNN,5034,12,1,NCM,697,1011,10.6,7.2,NA,NA,6,6,NA,NA,NA,NA,NA,NA,2014-01-03 20:57:00,0
2014-01-04 09:00:00,DCNN,5034,12,1,NCM,697,1011,9.6,7.7,3.3,3.4,6,6,6,6,NA,NA,NA,NA,2014-01-04 08:54:00,0
2014-01-04 21:00:00,DCNN,5034,12,1,NCM,697,1011,10.3,5.4,NA,NA,6,6,NA,NA,NA,NA,NA,NA,2014-01-04 20:58:00,0
2014-01-05 09:00:00,DCNN,5034,12,1,NCM,697,1011,5.6,1.6,-1,-1.3,6,6,6,6,NA,NA,NA,NA,2014-01-05 08:54:00,0
2014-01-05 21:00:00,DCNN,5034,12,1,NCM,697,1011,10.2,2.5,NA,NA,6,6,NA,NA,NA,NA,NA,NA,2014-01-05 20:54:00,0
2014-01-06 09:00:00,DCNN,5034,12,1,NCM,697,1011,12.7,9,7.2,7.1,6,6,6,6,NA,NA,NA,NA,2014-01-06 08:58:00,0
2014-01-06 21:00:00,DCNN,5034,12,1,NCM,697,1011,12.7,8.9,NA,NA,6,6,NA,NA,NA,NA,NA,NA,2014-01-06 20:54:00,0
2014-01-07 09:00:00,DCNN,5034,12,1,NCM,697,1011,11.8,10.3,7.4,7.6,6,6,6,6,NA,NA,NA,NA,2014-01-07 08:57:00,0
2014-01-07 21:00:00,DCNN,5034,12,1,NCM,697,1011,12.2,8.9,NA,NA,6,6,NA,NA,NA,NA,NA,NA,2014-01-07 20:55:00,0
2014-01-08 09:00:00,DCNN,5034,12,1,NCM,697,1011,10.8,7,2.3,3.2,6,6,6,6,NA,NA,NA,NA,2014-01-08 08:54:00,0
2014-01-08 21:00:00,DCNN,5034,12,1,NCM,697,1011,12.3,9,NA,NA,6,6,NA,NA,NA,NA,NA,NA,2014-01-08 20:54:00,0
2014-01-09 09:00:00,DCNN,5034,12,1,NCM,697,1011,12.5,9,7.1,7.3,6,6,6,6,NA,NA,NA,NA,2014-01-09 08:54:00,0
2014-01-09 21:00:00,DCNN,5034,12,1,NCM,697,1011,9.4,5.2,NA,NA,6,6,NA,NA,NA,NA,NA,NA,2014-01-09 20:54:00,0
2014-01-10 09:00:00,DCNN,5034,12,1,NCM,697,1011,5.7,2.8,-1.3,-0.7,6,6,6,6,NA,NA,NA,NA,2014-01-10 08:55:00,0
2014-01-10 21:00:00,DCNN,5034,12,1,NCM,697,1011,10.9,3.3,NA,NA,6,1006,NA,NA,NA,NA,NA,NA,2014-01-10 20:54:00,0
2014-01-11 09:00:00,DCNN,5034,12,1,NCM,697,1011,8.8,6.5,3.1,3.9,6,6,6,6,NA,NA,NA,NA,2014-01-11 08:54:00,0
2014-01-11 21:00:00,DCNN,5034,12,1,NCM,697,1011,9.2,3,NA,NA,6,6,NA,NA,NA,NA,NA,NA,2014-01-11 20:54:00,0
2014-01-12 09:00:00,DCNN,5034,12,1,NCM,697,1011,3,0.9,-2,-2.1,1006,6,6,6,NA,NA,NA,NA,2014-01-12 08:55:00,0
2014-01-12 21:00:00,DCNN,5034,12,1,NCM,697,1011,8.6,2.5,NA,NA,6,6,NA,NA,NA,NA,NA,NA,2014-01-12 20:55:00,0
2014-01-13 09:00:00,DCNN,5034,12,1,NCM,697,1011,10,5.2,0,0.9,6,6,6,6,NA,NA,NA,NA,2014-01-13 08:54:00,0
2014-01-13 21:00:00,DCNN,5034,12,1,NCM,697,1011,10.1,5.7,NA,NA,6,6,NA,NA,NA,NA,NA,NA,2014-01-13 21:00:00,0
2014-01-14 09:00:00,DCNN,5034,12,1,NCM,697,1011,7.1,2.1,-1.2,-0.7,6,6,6,6,NA,NA,NA,NA,2014-01-14 08:59:00,0
2014-01-14 21:00:00,DCNN,5034,12,1,NCM,697,1011,7.2,2.2,NA,NA,6,6,NA,NA,NA,NA,NA,NA,2014-01-14 21:00:00,0
2014-01-15 09:00:00,DCNN,5034,12,1,NCM,697,1011,10.2,5.6,1.7,2.1,6,6,6,6,NA,NA,NA,NA,2014-01-15 08:54:00,0
2014-01-15 21:00:00,DCNN,5034,12,1,NCM,697,1011,11.6,10.1,NA,NA,6,6,NA,NA,NA,NA,NA,NA,2014-01-15 20:54:00,0
2014-01-16 09:00:00,DCNN,5034,12,1,NCM,697,1011,11,7.8,4.2,4.9,6,6,6,6,NA,NA,NA,NA,2014-01-16 08:54:00,0
2014-01-16 21:00:00,DCNN,5034,12,1,NCM,697,1011,11.4,7.9,NA,NA,6,6,NA,NA,NA,NA,NA,NA,2014-01-16 21:00:00,0
2014-01-17 09:00:00,DCNN,5034,12,1,NCM,697,1011,8.1,6.6,4.5,4.8,6,6,6,6,NA,NA,NA,NA,2014-01-17 08:57:00,0
2014-01-17 21:00:00,DCNN,5034,12,1,NCM,697,1011,9.3,6.8,NA,NA,6,6,NA,NA,NA,NA,NA,NA,2014-01-17 20:54:00,0
2014-01-18 09:00:00,DCNN,5034,12,1,NCM,697,1011,9.3,6.5,1.8,2.7,6,6,6,6,NA,NA,NA,NA,2014-01-18 08:55:00,0
2014-01-18 21:00:00,DCNN,5034,12,1,NCM,697,1011,10.3,8,NA,NA,6,6,NA,NA,NA,NA,NA,NA,2014-01-18 21:00:00,0
2014-01-19 09:00:00,DCNN,5034,12,1,NCM,697,1011,9.9,7.2,4,4.8,6,6,6,6,NA,NA,NA,NA,2014-01-19 08:55:00,0
2014-01-19 21:00:00,DCNN,5034,12,1,NCM,697,1011,8.8,4,NA,NA,6,6,NA,NA,NA,NA,NA,NA,2014-01-19 20:54:00,0
2014-01-20 09:00:00,DCNN,5034,12,1,NCM,697,1011,4.8,1.5,-1.1,-1.2,6,6,6,6,NA,NA,NA,NA,2014-01-20 08:55:00,0
2014-01-20 21:00:00,DCNN,5034,12,1,NCM,697,1011,9.1,2.4,NA,NA,6,6,NA,NA,NA,NA,NA,NA,2014-01-20 20:58:00,0
2014-01-21 09:00:00,DCNN,5034,12,1,NCM,697,1011,5.6,2.3,-1.6,-0.8,6,6,6,6,NA,NA,NA,NA,2014-01-21 09:25:00,25
2014-01-21 21:00:00,DCNN,5034,12,1,NCM,697,1011,8.5,3.3,NA,NA,6,6,NA,NA,NA,NA,NA,NA,2014-01-21 20:58:00,0
2014-01-22 09:00:00,DCNN,5034,12,1,NCM,697,1011,7.6,6.2,1.7,2.4,6,6,6,6,NA,NA,NA,NA,2014-01-22 08:55:00,0
2014-01-22 21:00:00,DCNN,5034,12,1,NCM,697,1011,10.4,7.6,NA,NA,6,6,NA,NA,NA,NA,NA,NA,2014-01-22 20:55:00,0
2014-01-23 09:00:00,DCNN,5034,12,1,NCM,697,1011,8.2,3.2,-0.9,0.3,6,6,6,6,NA,NA,NA,NA,2014-01-23 08:54:00,0
2014-01-23 21:00:00,DCNN,5034,12,1,NCM,697,1011,8.9,4.5,NA,NA,6,6,NA,NA,NA,NA,NA,NA,2014-01-23 20:57:00,0
2014-01-24 09:00:00,DCNN,5034,12,1,NCM,697,1011,5.2,2.6,-1,-0.8,6,6,6,6,NA,NA,NA,NA,2014-01-24 08:57:00,0
2014-01-24 21:00:00,DCNN,5034,12,1,NCM,697,1011,8.5,5.1,NA,NA,6,6,NA,NA,NA,NA,NA,NA,2014-01-24 20:55:00,0
2014-01-25 09:00:00,DCNN,5034,12,1,NCM,697,1011,8.4,7.1,6,6.2,6,6,6,6,NA,NA,NA,NA,2014-01-25 08:54:00,0
2014-01-25 21:00:00,DCNN,5034,12,1,NCM,697,1011,12.4,6.4,NA,NA,6,6,NA,NA,NA,NA,NA,NA,2014-01-25 20:54:00,0
2014-01-26 09:00:00,DCNN,5034,12,1,NCM,697,1011,6.6,4.5,0.9,1.3,6,6,6,6,NA,NA,NA,NA,2014-01-26 08:54:00,0
2014-01-26 21:00:00,DCNN,5034,12,1,NCM,697,1011,9.6,3.2,NA,NA,6,6,NA,NA,NA,NA,NA,NA,2014-01-26 20:54:00,0
2014-01-27 09:00:00,DCNN,5034,12,1,NCM,697,1011,4,2.4,-0.8,-0.9,6,6,6,6,NA,NA,NA,NA,2014-01-27 08:54:00,0
2014-01-27 21:00:00,DCNN,5034,12,1,NCM,697,1011,8.8,3.9,NA,NA,6,6,NA,NA,NA,NA,NA,NA,2014-01-27 20:54:00,0
2014-01-28 09:00:00,DCNN,5034,12,1,NCM,697,1011,6.6,4.6,0.3,1,6,6,6,6,NA,NA,NA,NA,2014-01-28 09:00:00,0
2014-01-28 21:00:00,DCNN,5034,12,1,NCM,697,1011,10.1,5.4,NA,NA,6,6,NA,NA,NA,NA,NA,NA,2014-01-28 20:56:00,0
2014-01-29 09:00:00,DCNN,5034,12,1,NCM,697,1011,6.3,4.7,1.3,2.4,6,6,6,6,NA,NA,NA,NA,2014-01-29 09:00:00,0
2014-01-29 21:00:00,DCNN,5034,12,1,NCM,697,1011,4.8,4,NA,NA,6,6,NA,NA,NA,NA,NA,NA,2014-01-29 20:54:00,0
2014-01-30 09:00:00,DCNN,5034,12,1,NCM,697,1011,4.6,3.9,3.5,3.6,6,6,6,6,NA,NA,NA,NA,2014-01-30 08:54:00,0
2014-01-30 21:00:00,DCNN,5034,12,1,NCM,697,1011,6.5,3.6,NA,NA,6,6,NA,NA,NA,NA,NA,NA,2014-01-30 20:54:00,0
2014-01-31 09:00:00,DCNN,5034,12,1,NCM,697,1011,5.3,1.7,-1.1,0,6,6,6,6,NA,NA,NA,NA,2014-01-31 08:54:00,0
2014-01-31 21:00:00,DCNN,5034,12,1,NCM,697,1011,8.1,5.2,NA,NA,6,1006,NA,NA,NA,NA,NA,NA,2014-01-31 20:59:00,0
2014-02-01 09:00:00,DCNN,5034,12,1,NCM,697,1011,10.1,5.1,1.5,2.1,6,6,6,6,NA,NA,NA,NA,2014-02-01 08:56:00,0
2014-02-01 21:00:00,DCNN,5034,12,1,NCM,697,1011,8.9,5.4,NA,NA,6,6,NA,NA,NA,NA,NA,NA,2014-02-01 20:54:00,0
2014-02-02 09:00:00,DCNN,5034,12,1,NCM,697,1011,8.5,6.2,1.4,1.9,6,6,6,6,NA,NA,NA,NA,2014-02-02 08:54:00,0
2014-02-02 21:00:00,DCNN,5034,12,1,NCM,697,1011,10.2,6.1,NA,NA,6,6,NA,NA,NA,NA,NA,NA,2014-02-02 20:54:00,0
2014-02-03 09:00:00,DCNN,5034,12,1,NCM,697,1011,6.6,4.8,-0.8,0.2,6,6,6,6,NA,NA,NA,NA,2014-02-03 08:54:00,0
2014-02-03 21:00:00,DCNN,5034,12,1,NCM,697,1011,8.9,6,NA,NA,6,6,NA,NA,NA,NA,NA,NA,2014-02-03 20:53:00,0
2014-02-04 09:00:00,DCNN,5034,12,1,NCM,697,1011,6.9,4.4,-0.6,0.3,6,6,6,6,NA,NA,NA,NA,2014-02-04 08:53:00,0
2014-02-04 21:00:00,DCNN,5034,12,1,NCM,697,1011,9.9,5.5,NA,NA,6,6,NA,NA,NA,NA,NA,NA,2014-02-04 20:53:00,0
2014-02-05 09:00:00,DCNN,5034,12,1,NCM,697,1011,8.5,5.6,4.1,4.3,6,6,6,6,NA,NA,NA,NA,2014-02-05 08:56:00,0
2014-02-05 21:00:00,DCNN,5034,12,1,NCM,697,1011,10.2,7.1,NA,NA,6,6,NA,NA,NA,NA,NA,NA,2014-02-05 20:53:00,0
2014-02-06 09:00:00,DCNN,5034,12,1,NCM,697,1011,9.3,7,2.5,2.8,6,6,6,6,NA,NA,NA,NA,2014-02-06 09:00:00,0
2014-02-06 21:00:00,DCNN,5034,12,1,NCM,697,1011,10.1,5.8,NA,NA,6,6,NA,NA,NA,NA,NA,NA,2014-02-06 20:53:00,0
2014-02-07 09:00:00,DCNN,5034,12,1,NCM,697,1011,10.5,4.2,4.2,4.4,6,6,6,6,NA,NA,NA,NA,2014-02-07 09:12:00,0
2014-02-07 21:00:00,DCNN,5034,12,1,NCM,697,1011,9.9,4.6,NA,NA,6,6,NA,NA,NA,NA,NA,NA,2014-02-07 20:53:00,0
2014-02-08 09:00:00,DCNN,5034,12,1,NCM,697,1011,9.3,7.6,3.1,3.9,6,6,6,6,NA,NA,NA,NA,2014-02-08 09:00:00,0
2014-02-08 21:00:00,DCNN,5034,12,1,NCM,697,1011,9.6,6.2,NA,NA,6,6,NA,NA,NA,NA,NA,NA,2014-02-08 20:53:00,0
2014-02-09 09:00:00,DCNN,5034,12,1,NCM,697,1011,8.1,6.7,3.3,3.5,6,6,6,6,NA,NA,NA,NA,2014-02-09 08:55:00,0
2014-02-09 21:00:00,DCNN,5034,12,1,NCM,697,1011,8.7,4.6,NA,NA,6,6,NA,NA,NA,NA,NA,NA,2014-02-09 20:55:00,0
2014-02-10 09:00:00,DCNN,5034,12,1,NCM,697,1011,5.7,4.5,0.3,1,6,6,6,6,NA,NA,NA,NA,2014-02-10 08:54:00,0
2014-02-10 21:00:00,DCNN,5034,12,1,NCM,697,1011,10.1,5.5,NA,NA,6,6,NA,NA,NA,NA,NA,NA,2014-02-10 20:59:00,0
2014-02-11 09:00:00,DCNN,5034,12,1,NCM,697,1011,7,2.7,-1.2,-0.4,6,6,6,6,NA,NA,NA,NA,2014-02-11 08:54:00,0
2014-02-11 21:00:00,DCNN,5034,12,1,NCM,697,1011,8.9,5,NA,NA,6,6,NA,NA,NA,NA,NA,NA,2014-02-11 20:59:00,0
2014-02-12 09:00:00,DCNN,5034,12,1,NCM,697,1011,6.8,2.9,-1.2,-0.6,6,6,6,6,NA,NA,NA,NA,2014-02-12 08:54:00,0
2014-02-12 21:00:00,DCNN,5034,12,1,NCM,697,1011,9.2,6.4,NA,NA,6,6,NA,NA,NA,NA,NA,NA,2014-02-12 20:59:00,0
2014-02-13 09:00:00,DCNN,5034,12,1,NCM,697,1011,7.3,4.2,-0.5,-0.1,1006,6,6,6,NA,NA,NA,NA,2014-02-13 08:54:00,0
2014-02-13 21:00:00,DCNN,5034,12,1,NCM,697,1011,8.5,4.4,NA,NA,6,6,NA,NA,NA,NA,NA,NA,2014-02-13 20:54:00,0
2014-02-14 09:00:00,DCNN,5034,12,1,NCM,697,1011,6.6,3.6,-1.3,-0.7,6,6,6,6,NA,NA,NA,NA,2014-02-14 08:59:00,0
2014-02-14 21:00:00,DCNN,5034,12,1,NCM,697,1011,12.5,5.4,NA,NA,6,6,NA,NA,NA,NA,NA,NA,2014-02-14 20:59:00,0
2014-02-15 09:00:00,DCNN,5034,12,1,NCM,697,1011,10.7,8,4.6,4.7,6,6,6,6,NA,NA,NA,NA,2014-02-15 08:55:00,0
2014-02-15 21:00:00,DCNN,5034,12,1,NCM,697,1011,10.3,6.4,NA,NA,6,6,NA,NA,NA,NA,NA,NA,2014-02-15 20:54:00,0
2014-02-16 09:00:00,DCNN,5034,12,1,NCM,697,1011,6.8,1.8,-1.3,-1.5,1006,6,6,6,NA,NA,NA,NA,2014-02-16 08:55:00,0
2014-02-16 21:00:00,DCNN,5034,12,1,NCM,697,1011,10.8,3.5,NA,NA,6,6,NA,NA,NA,NA,NA,NA,2014-02-16 20:55:00,0
2014-02-17 09:00:00,DCNN,5034,12,1,NCM,697,1011,8.2,4.8,-1.1,0,6,6,6,6,NA,NA,NA,NA,2014-02-17 08:54:00,0
2014-02-17 21:00:00,DCNN,5034,12,1,NCM,697,1011,11.2,8.2,NA,NA,6,6,NA,NA,NA,NA,NA,NA,2014-02-17 20:55:00,0
2014-02-18 09:00:00,DCNN,5034,12,1,NCM,697,1011,8.8,7.5,4.1,4.6,6,6,6,6,NA,NA,NA,NA,2014-02-18 08:58:00,0
2014-02-18 21:00:00,DCNN,5034,12,1,NCM,697,1011,11,6.9,NA,NA,6,6,NA,NA,NA,NA,NA,NA,2014-02-18 20:56:00,0
2014-02-19 09:00:00,DCNN,5034,12,1,NCM,697,1011,7.2,5.2,0.9,1.8,6,6,6,6,NA,NA,NA,NA,2014-02-19 08:54:00,0
2014-02-19 21:00:00,DCNN,5034,12,1,NCM,697,1011,10.9,6.8,NA,NA,6,6,NA,NA,NA,NA,NA,NA,2014-02-19 20:55:00,0
2014-02-20 09:00:00,DCNN,5034,12,1,NCM,697,1011,11.5,9.1,4.7,6,6,6,6,6,NA,NA,NA,NA,2014-02-20 08:54:00,0
2014-02-20 21:00:00,DCNN,5034,12,1,NCM,697,1011,13.3,7.1,NA,NA,6,6,NA,NA,NA,NA,NA,NA,2014-02-20 20:54:00,0
2014-02-21 09:00:00,DCNN,5034,12,1,NCM,697,1011,7.3,3.4,-0.9,0.1,6,6,6,6,NA,NA,NA,NA,2014-02-21 08:57:00,0
2014-02-21 21:00:00,DCNN,5034,12,1,NCM,697,1011,11.4,5.4,NA,NA,6,1006,NA,NA,NA,NA,NA,NA,2014-02-21 20:54:00,0
2014-02-22 09:00:00,DCNN,5034,12,1,NCM,697,1011,7.3,4.5,0.2,0.7,6,6,6,6,NA,NA,NA,NA,2014-02-22 08:54:00,0
2014-02-22 21:00:00,DCNN,5034,12,1,NCM,697,1011,12.1,6.4,NA,NA,6,6,NA,NA,NA,NA,NA,NA,2014-02-22 20:54:00,0
2014-02-23 09:00:00,DCNN,5034,12,1,NCM,697,1011,10.4,7.8,3,3.9,6,6,6,6,NA,NA,NA,NA,2014-02-23 08:54:00,0
2014-02-23 21:00:00,DCNN,5034,12,1,NCM,697,1011,12.2,10.4,NA,NA,6,6,NA,NA,NA,NA,NA,NA,2014-02-23 20:54:00,0
2014-02-24 09:00:00,DCNN,5034,12,1,NCM,697,1011,10.7,8.1,3.7,4.2,6,6,6,6,NA,NA,NA,NA,2014-02-24 08:55:00,0
2014-02-24 21:00:00,DCNN,5034,12,1,NCM,697,1011,14.9,9.3,NA,NA,6,6,NA,NA,NA,NA,NA,NA,2014-02-24 20:54:00,0
2014-02-25 09:00:00,DCNN,5034,12,1,NCM,697,1011,13.1,8.4,7.1,7.2,6,6,6,6,NA,NA,NA,NA,2014-02-25 08:55:00,0
2014-02-25 21:00:00,DCNN,5034,12,1,NCM,697,1011,11.5,7,NA,NA,6,6,NA,NA,NA,NA,NA,NA,2014-02-25 20:54:00,0
2014-02-26 09:00:00,DCNN,5034,12,1,NCM,697,1011,7.5,3.9,-1,0.5,6,6,6,6,NA,NA,NA,NA,2014-02-26 08:55:00,0
2014-02-26 21:00:00,DCNN,5034,12,1,NCM,697,1011,12.1,7,NA,NA,6,6,NA,NA,NA,NA,NA,NA,2014-02-26 20:57:00,0
2014-02-27 09:00:00,DCNN,5034,12,1,NCM,697,1011,8.4,6,1.6,2.5,6,6,6,6,NA,NA,NA,NA,2014-02-27 08:58:00,0
2014-02-27 21:00:00,DCNN,5034,12,1,NCM,697,1011,11.5,5.6,NA,NA,6,6,NA,NA,NA,NA,NA,NA,2014-02-27 20:54:00,0
2014-02-28 09:00:00,DCNN,5034,12,1,NCM,697,1011,6,3.5,-0.6,0.4,6,6,6,6,NA,NA,NA,NA,2014-02-28 08:54:00,0
2014-02-28 21:00:00,DCNN,5034,12,1,NCM,697,1011,8.1,5.1,NA,NA,6,6,NA,NA,NA,NA,NA,NA,2014-02-28 20:54:00,0
2014-03-01 09:00:00,DCNN,5034,12,1,NCM,697,1011,5.9,3.2,1.2,1.9,6,6,6,6,NA,NA,NA,NA,2014-03-01 08:54:00,0
2014-03-01 21:00:00,DCNN,5034,12,1,NCM,697,1011,10.3,3.8,NA,NA,6,1006,NA,NA,NA,NA,NA,NA,2014-03-01 20:55:00,0
2014-03-02 09:00:00,DCNN,5034,12,1,NCM,697,1011,8.2,2.8,-2.2,-0.3,6,6,6,6,NA,NA,NA,NA,2014-03-02 08:55:00,0
2014-03-02 21:00:00,DCNN,5034,12,1,NCM,697,1011,10.7,7.7,NA,NA,6,6,NA,NA,NA,NA,NA,NA,2014-03-02 20:54:00,0
2014-03-03 09:00:00,DCNN,5034,12,1,NCM,697,1011,7.8,3.3,-1.1,0.8,6,6,6,6,NA,NA,NA,NA,2014-03-03 08:55:00,0
2014-03-03 21:00:00,DCNN,5034,12,1,NCM,697,1011,9.4,5.6,NA,NA,6,6,NA,NA,NA,NA,NA,NA,2014-03-03 23:42:00,0
2014-03-04 09:00:00,DCNN,5034,12,1,NCM,697,1011,6.3,1.4,-1.8,-0.9,6,6,6,6,NA,NA,NA,NA,2014-03-04 08:54:00,0
2014-03-04 21:00:00,DCNN,5034,12,1,NCM,697,1011,10.9,4.7,NA,NA,6,6,NA,NA,NA,NA,NA,NA,2014-03-04 20:54:00,0
2014-03-05 09:00:00,DCNN,5034,12,1,NCM,697,1011,5.9,1.3,-2.3,-1.4,1006,6,6,6,NA,NA,NA,NA,2014-03-05 08:54:00,0
2014-03-05 21:00:00,DCNN,5034,12,1,NCM,697,1011,13.6,5.1,NA,NA,6,6,NA,NA,NA,NA,NA,NA,2014-03-05 20:54:00,0
2014-03-06 09:00:00,DCNN,5034,12,1,NCM,697,1011,9.4,5.8,0.1,1.6,1006,6,6,6,NA,NA,NA,NA,2014-03-06 08:54:00,0
2014-03-06 21:00:00,DCNN,5034,12,1,NCM,697,1011,14.1,9,NA,NA,6,6,NA,NA,NA,NA,NA,NA,2014-03-06 20:58:00,0
2014-03-07 09:00:00,DCNN,5034,12,1,NCM,697,1011,10,6.7,1.5,2.7,6,6,6,6,NA,NA,NA,NA,2014-03-07 08:54:00,0
2014-03-07 21:00:00,DCNN,5034,12,1,NCM,697,1011,16.9,9.9,NA,NA,6,6,NA,NA,NA,NA,NA,NA,2014-03-07 21:00:00,0
2014-03-08 09:00:00,DCNN,5034,12,1,NCM,697,1011,12.1,8.3,3,4.2,6,6,6,6,NA,NA,NA,NA,2014-03-08 08:55:00,0
2014-03-08 21:00:00,DCNN,5034,12,1,NCM,697,1011,16.6,9.5,NA,NA,6,6,NA,NA,NA,NA,NA,NA,2014-03-08 20:54:00,0
2014-03-09 09:00:00,DCNN,5034,12,1,NCM,697,1011,12.9,8.5,1.3,2.7,6,6,6,6,NA,NA,NA,NA,2014-03-09 08:54:00,0
2014-03-09 21:00:00,DCNN,5034,12,1,NCM,697,1011,20.2,11.4,NA,NA,6,6,NA,NA,NA,NA,NA,NA,2014-03-09 20:54:00,0
2014-03-10 09:00:00,DCNN,5034,12,1,NCM,697,1011,12.1,5.6,0.1,2.1,6,6,6,6,NA,NA,NA,NA,2014-03-10 08:54:00,0
2014-03-10 21:00:00,DCNN,5034,12,1,NCM,697,1011,13.3,7.9,NA,NA,6,6,NA,NA,NA,NA,NA,NA,2014-03-10 20:55:00,0
2014-03-11 09:00:00,DCNN,5034,12,1,NCM,697,1011,8.1,6.7,6.5,6.8,6,6,6,6,NA,NA,NA,NA,2014-03-11 08:55:00,0
2014-03-11 21:00:00,DCNN,5034,12,1,NCM,697,1011,12.7,7.9,NA,NA,6,6,NA,NA,NA,NA,NA,NA,2014-03-11 20:54:00,0
2014-03-12 09:00:00,DCNN,5034,12,1,NCM,697,1011,8.3,4.5,-1,1.1,6,6,6,6,NA,NA,NA,NA,2014-03-12 08:55:00,0
2014-03-12 21:00:00,DCNN,5034,12,1,NCM,697,1011,17.1,6.6,NA,NA,6,6,NA,NA,NA,NA,NA,NA,2014-03-12 20:54:00,0
2014-03-13 09:00:00,DCNN,5034,12,1,NCM,697,1011,9.9,4.3,-1.2,1.1,6,6,6,6,NA,NA,NA,NA,2014-03-13 08:54:00,0
2014-03-13 21:00:00,DCNN,5034,12,1,NCM,697,1011,18.3,7.7,NA,NA,6,6,NA,NA,NA,NA,NA,NA,2014-03-13 20:54:00,0
2014-03-14 09:00:00,DCNN,5034,12,1,NCM,697,1011,12.2,4.9,-1.4,1.1,1006,6,6,6,NA,NA,NA,NA,2014-03-14 08:54:00,0
2014-03-14 21:00:00,DCNN,5034,12,1,NCM,697,1011,17.5,8.3,NA,NA,6,6,NA,NA,NA,NA,NA,NA,2014-03-14 20:57:00,0
2014-03-15 09:00:00,DCNN,5034,12,1,NCM,697,1011,11.6,7.6,3.8,5.1,6,6,6,6,NA,NA,NA,NA,2014-03-15 08:54:00,0
2014-03-15 21:00:00,DCNN,5034,12,1,NCM,697,1011,19.3,10.5,NA,NA,6,6,NA,NA,NA,NA,NA,NA,2014-03-15 20:58:00,0
2014-03-16 09:00:00,DCNN,5034,12,1,NCM,697,1011,12,6.6,0.7,2.9,6,6,6,6,NA,NA,NA,NA,2014-03-16 08:55:00,0
2014-03-16 21:00:00,DCNN,5034,12,1,NCM,697,1011,20.1,11.7,NA,NA,6,1006,NA,NA,NA,NA,NA,NA,2014-03-16 20:54:00,0
2014-03-17 09:00:00,DCNN,5034,12,1,NCM,697,1011,14.1,6.1,0.8,2.9,1006,6,6,6,NA,NA,NA,NA,2014-03-17 08:54:00,0
2014-03-17 21:00:00,DCNN,5034,12,1,NCM,697,1011,14.2,9.9,NA,NA,6,1006,NA,NA,NA,NA,NA,NA,2014-03-17 20:54:00,0
2014-03-18 09:00:00,DCNN,5034,12,1,NCM,697,1011,10.2,7.9,5,6.4,6,6,6,6,NA,NA,NA,NA,2014-03-18 08:54:00,0
2014-03-18 21:00:00,DCNN,5034,12,1,NCM,697,1011,14.3,9.5,NA,NA,6,6,NA,NA,NA,NA,NA,NA,2014-03-18 20:54:00,0
2014-03-19 09:00:00,DCNN,5034,12,1,NCM,697,1011,11.6,7.8,4.1,5.5,6,6,6,6,NA,NA,NA,NA,2014-03-19 08:54:00,0
2014-03-19 21:00:00,DCNN,5034,12,1,NCM,697,1011,16.7,8.5,NA,NA,6,6,NA,NA,NA,NA,NA,NA,2014-03-19 20:55:00,0
2014-03-20 09:00:00,DCNN,5034,12,1,NCM,697,1011,11.9,6.6,1.5,3.1,6,6,6,6,NA,NA,NA,NA,2014-03-20 09:00:00,0
2014-03-20 21:00:00,DCNN,5034,12,1,NCM,697,1011,14.3,10.2,NA,NA,6,6,NA,NA,NA,NA,NA,NA,2014-03-20 20:54:00,0
2014-03-21 09:00:00,DCNN,5034,12,1,NCM,697,1011,10.5,7,6,6.2,6,6,6,6,NA,NA,NA,NA,2014-03-21 08:54:00,0
2014-03-21 21:00:00,DCNN,5034,12,1,NCM,697,1011,12.9,8.3,NA,NA,6,6,NA,NA,NA,NA,NA,NA,2014-03-21 20:55:00,0
2014-03-22 09:00:00,DCNN,5034,12,1,NCM,697,1011,9.2,4.5,1.5,2.3,6,6,6,6,NA,NA,NA,NA,2014-03-22 08:54:00,0
2014-03-22 21:00:00,DCNN,5034,12,1,NCM,697,1011,12.5,6.3,NA,NA,6,6,NA,NA,NA,NA,NA,NA,2014-03-22 21:47:00,0
2014-03-23 09:00:00,DCNN,5034,12,1,NCM,697,1011,6.8,2.4,-1.7,-0.3,6,6,6,6,NA,NA,NA,NA,2014-03-23 08:54:00,0
2014-03-23 21:00:00,DCNN,5034,12,1,NCM,697,1011,11.1,5.9,NA,NA,6,6,NA,NA,NA,NA,NA,NA,2014-03-23 20:54:00,0
2014-03-24 09:00:00,DCNN,5034,12,1,NCM,697,1011,6.5,0.6,-2.4,-1.7,6,6,6,6,NA,NA,NA,NA,2014-03-24 08:54:00,0
2014-03-24 21:00:00,DCNN,5034,12,1,NCM,697,1011,11.8,6.3,NA,NA,6,1006,NA,NA,NA,NA,NA,NA,2014-03-24 20:54:00,0
2014-03-25 09:00:00,DCNN,5034,12,1,NCM,697,1011,7.2,6.3,3,4.5,6,6,6,6,NA,NA,NA,NA,2014-03-25 09:00:00,0
2014-03-25 21:00:00,DCNN,5034,12,1,NCM,697,1011,9.3,6.9,NA,NA,6,1006,NA,NA,NA,NA,NA,NA,2014-03-25 20:54:00,0
2014-03-26 09:00:00,DCNN,5034,12,1,NCM,697,1011,7.6,3,-0.9,0.3,6,6,6,6,NA,NA,NA,NA,2014-03-26 08:54:00,0
2014-03-26 21:00:00,DCNN,5034,12,1,NCM,697,1011,9.8,3,NA,NA,6,6,NA,NA,NA,NA,NA,NA,2014-03-26 20:54:00,0
2014-03-27 09:00:00,DCNN,5034,12,1,NCM,697,1011,6.5,3.2,-0.2,1.3,6,6,6,6,NA,NA,NA,NA,2014-03-27 08:54:00,0
2014-03-27 21:00:00,DCNN,5034,12,1,NCM,697,1011,11.1,6.5,NA,NA,6,1006,NA,NA,NA,NA,NA,NA,2014-03-27 20:54:00,0
2014-03-28 09:00:00,DCNN,5034,12,1,NCM,697,1011,7.7,4.4,0.4,1.7,6,6,6,6,NA,NA,NA,NA,2014-03-28 08:54:00,0
2014-03-28 21:00:00,DCNN,5034,12,1,NCM,697,1011,13.5,7.7,NA,NA,6,6,NA,NA,NA,NA,NA,NA,2014-03-28 20:54:00,0
2014-03-29 09:00:00,DCNN,5034,12,1,NCM,697,1011,12.9,8.2,4.3,5.5,6,6,6,6,NA,NA,NA,NA,2014-03-29 08:57:00,0
2014-03-29 21:00:00,DCNN,5034,12,1,NCM,697,1011,19.8,12.3,NA,NA,6,6,NA,NA,NA,NA,NA,NA,2014-03-29 20:54:00,0
2014-03-30 09:00:00,DCNN,5034,12,1,NCM,697,1011,13.6,8.9,3.1,4.8,6,6,6,6,NA,NA,NA,NA,2014-03-30 08:57:00,0
2014-03-30 21:00:00,DCNN,5034,12,1,NCM,697,1011,20.9,13.5,NA,NA,6,1006,NA,NA,NA,NA,NA,NA,2014-03-30 20:54:00,0
2014-03-31 09:00:00,DCNN,5034,12,1,NCM,697,1011,14,11.2,7.5,8.7,6,6,6,6,NA,NA,NA,NA,2014-03-31 08:54:00,0
2014-03-31 21:00:00,DCNN,5034,12,1,NCM,697,1011,17.2,13.7,NA,NA,6,6,NA,NA,NA,NA,NA,NA,2014-03-31 20:54:00,0
2014-04-01 09:00:00,DCNN,5034,12,1,NCM,697,1011,13.7,8.1,4,5.6,6,6,6,6,NA,NA,NA,NA,2014-04-01 08:55:00,0
2014-04-01 21:00:00,DCNN,5034,12,1,NCM,697,1011,19.7,12.4,NA,NA,6,6,NA,NA,NA,NA,NA,NA,2014-04-01 20:54:00,0
2014-04-02 09:00:00,DCNN,5034,12,1,NCM,697,1011,14.3,10.9,6.6,8.2,6,6,6,6,NA,NA,NA,NA,2014-04-02 08:54:00,0
2014-04-02 21:00:00,DCNN,5034,12,1,NCM,697,1011,18.6,13.6,NA,NA,6,6,NA,NA,NA,NA,NA,NA,2014-04-02 20:54:00,0
2014-04-03 09:00:00,DCNN,5034,12,1,NCM,697,1011,13.8,11.4,7.8,9,6,6,6,6,NA,NA,NA,NA,2014-04-03 08:54:00,0
2014-04-03 21:00:00,DCNN,5034,12,1,NCM,697,1011,19.1,12.3,NA,NA,6,6,NA,NA,NA,NA,NA,NA,2014-04-03 20:54:00,0
2014-04-04 09:00:00,DCNN,5034,12,1,NCM,697,1011,12.5,11.7,10.9,11.6,6,6,6,6,NA,NA,NA,NA,2014-04-04 08:58:00,0
2014-04-04 21:00:00,DCNN,5034,12,1,NCM,697,1011,15.3,12.1,NA,NA,6,6,NA,NA,NA,NA,NA,NA,2014-04-04 20:57:00,0
2014-04-05 09:00:00,DCNN,5034,12,1,NCM,697,1011,12.2,6.1,2.1,3.9,6,6,6,6,NA,NA,NA,NA,2014-04-05 08:54:00,0
2014-04-05 21:00:00,DCNN,5034,12,1,NCM,697,1011,16.1,11.5,NA,NA,6,1006,NA,NA,NA,NA,NA,NA,2014-04-05 20:54:00,0
2014-04-06 09:00:00,DCNN,5034,12,1,NCM,697,1011,13.9,12.8,12.5,12.5,6,6,6,6,NA,NA,NA,NA,2014-04-06 08:54:00,0
2014-04-06 21:00:00,DCNN,5034,12,1,NCM,697,1011,15.5,13.3,NA,NA,6,6,NA,NA,NA,NA,NA,NA,2014-04-06 21:00:00,0
2014-04-07 09:00:00,DCNN,5034,12,1,NCM,697,1011,13.8,12.7,11.8,11.7,6,6,6,6,NA,NA,NA,NA,2014-04-07 08:54:00,0
2014-04-07 21:00:00,DCNN,5034,12,1,NCM,697,1011,15,10.9,NA,NA,6,6,NA,NA,NA,NA,NA,NA,2014-04-07 20:54:00,0
2014-04-08 09:00:00,DCNN,5034,12,1,NCM,697,1011,11,6.2,4.3,4.1,1006,6,6,6,NA,NA,NA,NA,2014-04-08 08:53:00,0
2014-04-08 21:00:00,DCNN,5034,12,1,NCM,697,1011,14.6,9.4,NA,NA,6,6,NA,NA,NA,NA,NA,NA,2014-04-08 20:54:00,0
2014-04-09 09:00:00,DCNN,5034,12,1,NCM,697,1011,11.2,5.1,3,3,6,6,6,6,NA,NA,NA,NA,2014-04-09 08:54:00,0
2014-04-09 21:00:00,DCNN,5034,12,1,NCM,697,1011,17.8,11.1,NA,NA,6,6,NA,NA,NA,NA,NA,NA,2014-04-09 21:00:00,0
2014-04-10 09:00:00,DCNN,5034,12,1,NCM,697,1011,12.4,6.2,3.5,4.1,6,6,6,6,NA,NA,NA,NA,2014-04-10 08:54:00,0
2014-04-10 21:00:00,DCNN,5034,12,1,NCM,697,1011,17.5,12,NA,NA,6,6,NA,NA,NA,NA,NA,NA,2014-04-10 20:53:00,0
2014-04-11 09:00:00,DCNN,5034,12,1,NCM,697,1011,13.3,10.8,9.5,10.2,6,6,6,6,NA,NA,NA,NA,2014-04-11 08:54:00,0
2014-04-11 21:00:00,DCNN,5034,12,1,NCM,697,1011,17.2,11.8,NA,NA,6,1006,NA,NA,NA,NA,NA,NA,2014-04-11 20:54:00,0
2014-04-12 09:00:00,DCNN,5034,12,1,NCM,697,1011,13.1,7.4,4.9,5.7,6,6,6,6,NA,NA,NA,NA,2014-04-12 08:59:00,0
2014-04-12 21:00:00,DCNN,5034,12,1,NCM,697,1011,15,10.8,NA,NA,6,6,NA,NA,NA,NA,NA,NA,2014-04-12 20:54:00,0
2014-04-13 09:00:00,DCNN,5034,12,1,NCM,697,1011,12.1,8.5,5.6,6.1,6,6,6,6,NA,NA,NA,NA,2014-04-13 08:54:00,0
2014-04-13 21:00:00,DCNN,5034,12,1,NCM,697,1011,17.4,11.3,NA,NA,6,1006,NA,NA,NA,NA,NA,NA,2014-04-13 20:54:00,0
2014-04-14 09:00:00,DCNN,5034,12,1,NCM,697,1011,12.3,6.8,3.8,4.1,6,6,6,6,NA,NA,NA,NA,2014-04-14 08:54:00,0
2014-04-14 21:00:00,DCNN,5034,12,1,NCM,697,1011,16.6,10.5,NA,NA,6,6,NA,NA,NA,NA,NA,NA,2014-04-14 20:59:00,0
2014-04-15 09:00:00,DCNN,5034,12,1,NCM,697,1011,10.5,5.3,2.1,2.8,6,6,6,6,NA,NA,NA,NA,2014-04-15 09:00:00,0
2014-04-15 21:00:00,DCNN,5034,12,1,NCM,697,1011,14.8,8,NA,NA,6,6,NA,NA,NA,NA,NA,NA,2014-04-15 20:53:00,0
2014-04-16 09:00:00,DCNN,5034,12,1,NCM,697,1011,10.8,5.3,2.6,2.9,6,6,6,6,NA,NA,NA,NA,2014-04-16 08:54:00,0
2014-04-16 21:00:00,DCNN,5034,12,1,NCM,697,1011,17.7,10.4,NA,NA,6,6,NA,NA,NA,NA,NA,NA,2014-04-16 20:54:00,0
2014-04-17 09:00:00,DCNN,5034,12,1,NCM,697,1011,13.2,7.1,4.2,4.7,6,6,6,6,NA,NA,NA,NA,2014-04-17 08:54:00,0
2014-04-17 21:00:00,DCNN,5034,12,1,NCM,697,1011,17.3,12.4,NA,NA,6,6,NA,NA,NA,NA,NA,NA,2014-04-17 20:53:00,0
2014-04-18 09:00:00,DCNN,5034,12,1,NCM,697,1011,12.4,6.7,5.1,5.1,6,6,6,6,NA,NA,NA,NA,2014-04-18 08:53:00,0
2014-04-18 21:00:00,DCNN,5034,12,1,NCM,697,1011,13.4,8.7,NA,NA,6,6,NA,NA,NA,NA,NA,NA,2014-04-18 20:53:00,0
2014-04-19 09:00:00,DCNN,5034,12,1,NCM,697,1011,10.4,6.1,3.5,3.9,6,6,6,6,NA,NA,NA,NA,2014-04-19 08:53:00,0
2014-04-19 21:00:00,DCNN,5034,12,1,NCM,697,1011,14.8,8.9,NA,NA,6,6,NA,NA,NA,NA,NA,NA,2014-04-19 20:59:00,0
2014-04-20 09:00:00,DCNN,5034,12,1,NCM,697,1011,11.9,7.8,6.4,6.6,6,6,6,6,NA,NA,NA,NA,2014-04-20 08:59:00,0
2014-04-20 21:00:00,DCNN,5034,12,1,NCM,697,1011,13.4,8.6,NA,NA,6,6,NA,NA,NA,NA,NA,NA,2014-04-20 20:54:00,0
2014-04-21 09:00:00,DCNN,5034,12,1,NCM,697,1011,14.7,6.1,4.4,3.9,6,6,6,6,NA,NA,NA,NA,2014-04-21 08:54:00,0
2014-04-21 21:00:00,DCNN,5034,12,1,NCM,697,1011,20.6,11.7,NA,NA,6,6,NA,NA,NA,NA,NA,NA,2014-04-21 21:00:00,0
2014-04-22 09:00:00,DCNN,5034,12,1,NCM,697,1011,11.9,10.3,11.2,10.8,6,6,6,6,NA,NA,NA,NA,2014-04-22 08:59:00,0
2014-04-22 21:00:00,DCNN,5034,12,1,NCM,697,1011,16.5,11.3,NA,NA,6,6,NA,NA,NA,NA,NA,NA,2014-04-22 21:24:00,0
2014-04-23 09:00:00,DCNN,5034,12,1,NCM,697,1022,14.9,7.6,NA,5.2,6,6,NA,6,NA,NA,NA,NA,2014-05-02 15:33:00,0
2014-04-23 21:00:00,DCNN,5034,12,1,NCM,697,1011,17.7,11.7,NA,NA,6,6,NA,NA,NA,NA,NA,NA,2014-04-23 20:54:00,0
2014-04-24 09:00:00,DCNN,5034,12,1,NCM,697,1022,14.4,9.7,NA,9.2,6,6,NA,6,NA,NA,NA,NA,2014-05-02 15:33:00,0
2014-04-24 21:00:00,DCNN,5034,12,1,NCM,697,1011,18.1,12,NA,NA,6,6,NA,NA,NA,NA,NA,NA,2014-04-24 20:54:00,0
2014-04-25 09:00:00,DCNN,5034,12,1,NCM,697,1022,12.3,9.5,NA,8.3,6,6,NA,6,NA,NA,NA,NA,2014-05-02 15:33:00,0
2014-04-25 21:00:00,DCNN,5034,12,1,NCM,697,1011,13.9,9.7,NA,NA,6,6,NA,NA,NA,NA,NA,NA,2014-04-25 20:59:00,0
2014-04-26 09:00:00,DCNN,5034,12,1,NCM,697,1022,12.4,8.3,NA,6.3,6,6,NA,6,NA,NA,NA,NA,2014-05-02 15:33:00,0
2014-04-26 21:00:00,DCNN,5034,12,1,NCM,697,1011,16.7,11.3,NA,NA,6,6,NA,NA,NA,NA,NA,NA,2014-04-26 20:53:00,0
2014-04-27 09:00:00,DCNN,5034,12,1,NCM,697,1022,12.1,9.2,NA,7,6,6,NA,6,NA,NA,NA,NA,2014-05-02 15:33:00,0
2014-04-27 21:00:00,DCNN,5034,12,1,NCM,697,1011,16.3,11.8,NA,NA,6,6,NA,NA,NA,NA,NA,NA,2014-04-27 20:53:00,0
2014-04-28 09:00:00,DCNN,5034,12,1,NCM,697,1022,12.5,10.6,NA,8.7,6,6,NA,6,NA,NA,NA,NA,2014-05-02 15:33:00,0
2014-04-28 21:00:00,DCNN,5034,12,1,NCM,697,1011,18.9,12.5,NA,NA,6,6,NA,NA,NA,NA,NA,NA,2014-04-28 20:54:00,0
2014-04-29 09:00:00,DCNN,5034,12,1,NCM,697,1022,14.1,9.8,NA,7.9,6,6,NA,6,NA,NA,NA,NA,2014-05-02 15:33:00,0
2014-04-29 21:00:00,DCNN,5034,12,1,NCM,697,1011,16.6,12.2,NA,NA,6,6,NA,NA,NA,NA,NA,NA,2014-04-29 20:54:00,0
2014-04-30 09:00:00,DCNN,5034,12,1,NCM,697,1011,13.9,7.7,3.9,5.8,6,6,6,6,NA,NA,NA,NA,2014-04-30 08:54:00,0
2014-04-30 21:00:00,DCNN,5034,12,1,NCM,697,1011,20.3,12.2,NA,NA,6,6,NA,NA,NA,NA,NA,NA,2014-04-30 20:54:00,0
2014-05-01 09:00:00,DCNN,5034,12,1,NCM,697,1011,12.3,10,6.7,9.1,6,6,6,6,NA,NA,NA,NA,2014-05-01 08:54:00,0
2014-05-01 21:00:00,DCNN,5034,12,1,NCM,697,1011,13.9,11.1,NA,NA,6,6,NA,NA,NA,NA,NA,NA,2014-05-01 20:54:00,0
2014-05-02 09:00:00,DCNN,5034,12,1,NCM,697,1011,12.1,9.4,8.6,9.3,6,6,6,6,NA,NA,NA,NA,2014-05-02 09:00:00,0
2014-05-02 21:00:00,DCNN,5034,12,1,NCM,697,1011,12.2,9,NA,NA,6,6,NA,NA,NA,NA,NA,NA,2014-05-02 20:54:00,0
2014-05-03 09:00:00,DCNN,5034,12,1,NCM,697,1011,9.6,3.4,0.1,1.4,6,6,6,6,NA,NA,NA,NA,2014-05-03 08:54:00,0
2014-05-03 21:00:00,DCNN,5034,12,1,NCM,697,1011,14.7,9,NA,NA,6,6,NA,NA,NA,NA,NA,NA,2014-05-03 20:55:00,0
2014-05-04 09:00:00,DCNN,5034,12,1,NCM,697,1011,11.9,5.7,2.7,4.7,6,6,6,6,NA,NA,NA,NA,2014-05-04 08:54:00,0
2014-05-04 21:00:00,DCNN,5034,12,1,NCM,697,1011,17.7,11.7,NA,NA,6,6,NA,NA,NA,NA,NA,NA,2014-05-04 20:55:00,0
2014-05-05 09:00:00,DCNN,5034,12,1,NCM,697,1011,15.2,6.7,2.9,5.1,6,6,6,6,NA,NA,NA,NA,2014-05-05 08:54:00,0
2014-05-05 21:00:00,DCNN,5034,12,1,NCM,697,1011,19.3,15.1,NA,NA,6,6,NA,NA,NA,NA,NA,NA,2014-05-05 20:54:00,0
2014-05-06 09:00:00,DCNN,5034,12,1,NCM,697,1011,15.7,12.3,10.9,11.8,6,6,6,6,NA,NA,NA,NA,2014-05-06 08:56:00,0
2014-05-06 21:00:00,DCNN,5034,12,1,NCM,697,1011,19.6,13.5,NA,NA,6,6,NA,NA,NA,NA,NA,NA,2014-05-06 20:54:00,0
2014-05-07 09:00:00,DCNN,5034,12,1,NCM,697,1011,13.6,10.8,8.6,10.3,6,6,6,6,NA,NA,NA,NA,2014-05-07 08:55:00,0
2014-05-07 21:00:00,DCNN,5034,12,1,NCM,697,1011,17.5,12.5,NA,NA,6,6,NA,NA,NA,NA,NA,NA,2014-05-07 20:54:00,0
2014-05-08 09:00:00,DCNN,5034,12,1,NCM,697,1011,13.4,11.3,11,11.3,6,6,6,6,NA,NA,NA,NA,2014-05-08 08:54:00,0
2014-05-08 21:00:00,DCNN,5034,12,1,NCM,697,1011,15.5,12,NA,NA,6,6,NA,NA,NA,NA,NA,NA,2014-05-08 20:54:00,0
2014-05-09 09:00:00,DCNN,5034,12,1,NCM,697,1011,15.1,11.7,9.4,10,6,6,6,6,NA,NA,NA,NA,2014-05-09 08:53:00,0
2014-05-09 21:00:00,DCNN,5034,12,1,NCM,697,1011,17.7,13,NA,NA,6,6,NA,NA,NA,NA,NA,NA,2014-05-09 20:54:00,0
2014-05-10 09:00:00,DCNN,5034,12,1,NCM,697,1011,14.3,10.7,10.6,11.3,6,6,6,6,NA,NA,NA,NA,2014-05-10 09:00:00,0
2014-05-10 21:00:00,DCNN,5034,12,1,NCM,697,1011,17.7,11.5,NA,NA,6,6,NA,NA,NA,NA,NA,NA,2014-05-10 20:55:00,0
2014-05-11 09:00:00,DCNN,5034,12,1,NCM,697,1011,11.6,9.2,8.5,8.6,6,6,6,6,NA,NA,NA,NA,2014-05-11 09:01:00,0
2014-05-11 21:00:00,DCNN,5034,12,1,NCM,697,1011,14.3,10.5,NA,NA,6,6,NA,NA,NA,NA,NA,NA,2014-05-11 20:54:00,0
2014-05-12 09:00:00,DCNN,5034,12,1,NCM,697,1011,12.5,9.8,8.1,9.1,6,6,6,6,NA,NA,NA,NA,2014-05-12 08:53:00,0
2014-05-12 21:00:00,DCNN,5034,12,1,NCM,697,1011,18,10,NA,NA,6,6,NA,NA,NA,NA,NA,NA,2014-05-12 20:54:00,0
2014-05-13 09:00:00,DCNN,5034,12,1,NCM,697,1011,12.6,7.6,5.5,7.4,6,6,6,6,NA,NA,NA,NA,2014-05-13 08:54:00,0
2014-05-13 21:00:00,DCNN,5034,12,1,NCM,697,1011,16.2,9.7,NA,NA,6,6,NA,NA,NA,NA,NA,NA,2014-05-13 20:53:00,0
2014-05-14 09:00:00,DCNN,5034,12,1,NCM,697,1011,15.1,7.3,4.7,6.3,6,6,6,6,NA,NA,NA,NA,2014-05-14 08:53:00,0
2014-05-14 21:00:00,DCNN,5034,12,1,NCM,697,1011,19.3,13.6,NA,NA,6,6,NA,NA,NA,NA,NA,NA,2014-05-14 20:54:00,0
2014-05-15 09:00:00,DCNN,5034,12,1,NCM,697,1011,16.5,7.9,4.8,7.3,6,6,6,6,NA,NA,NA,NA,2014-05-15 08:54:00,0
2014-05-15 21:00:00,DCNN,5034,12,1,NCM,697,1022,20.5,13.1,NA,NA,2006,6,NA,NA,NA,NA,NA,NA,2014-05-16 08:45:00,0
2014-05-16 09:00:00,DCNN,5034,12,1,NCM,697,1011,17.5,8.7,6.1,8.5,6,6,6,6,NA,NA,NA,NA,2014-05-16 08:59:00,0
2014-05-16 21:00:00,DCNN,5034,12,1,NCM,697,1011,22,17,NA,NA,6,6,NA,NA,NA,NA,NA,NA,2014-05-16 20:53:00,0
2014-05-17 09:00:00,DCNN,5034,12,1,NCM,697,1011,17.4,11.2,8.4,10.5,6,6,6,6,NA,NA,NA,NA,2014-05-17 08:58:00,0
2014-05-17 21:00:00,DCNN,5034,12,1,NCM,697,1011,23.4,17.2,NA,NA,6,1006,NA,NA,NA,NA,NA,NA,2014-05-17 20:53:00,0
2014-05-18 09:00:00,DCNN,5034,12,1,NCM,697,1011,20.7,11.7,8.5,10.9,6,6,6,6,NA,NA,NA,NA,2014-05-18 08:53:00,0
2014-05-18 21:00:00,DCNN,5034,12,1,NCM,697,1011,24.5,17.7,NA,NA,6,6,NA,NA,NA,NA,NA,NA,2014-05-18 20:53:00,0
2014-05-19 09:00:00,DCNN,5034,12,1,NCM,697,1011,22.4,13.7,10.5,12.7,6,6,6,6,NA,NA,NA,NA,2014-05-19 14:08:00,653
2014-05-19 21:00:00,DCNN,5034,12,1,NCM,697,1011,25.7,18.7,NA,NA,6,6,NA,NA,NA,NA,NA,NA,2014-05-19 20:53:00,0
2014-05-20 09:00:00,DCNN,5034,12,1,NCM,697,1011,19.3,15.8,11.9,14.7,6,6,6,6,NA,NA,NA,NA,2014-05-20 08:59:00,0
2014-05-20 21:00:00,DCNN,5034,12,1,NCM,697,1011,21.2,15.2,NA,NA,6,6,NA,NA,NA,NA,NA,NA,2014-05-20 20:58:00,0
2014-05-21 09:00:00,DCNN,5034,12,1,NCM,697,1011,16.7,10.5,7.7,10.1,6,6,6,6,NA,NA,NA,NA,2014-05-21 08:53:00,0
2014-05-21 21:00:00,DCNN,5034,12,1,NCM,697,1011,19.1,14.9,NA,NA,6,6,NA,NA,NA,NA,NA,NA,2014-05-21 20:53:00,0
2014-05-22 09:00:00,DCNN,5034,12,1,NCM,697,1011,16.2,12.2,11.3,11.8,6,6,6,6,NA,NA,NA,NA,2014-05-22 08:53:00,0
2014-05-22 21:00:00,DCNN,5034,12,1,NCM,697,1011,19,11.6,NA,NA,6,6,NA,NA,NA,NA,NA,NA,2014-05-22 20:53:00,0
2014-05-23 09:00:00,DCNN,5034,12,1,NCM,697,1011,14.8,12.5,10.2,11.3,6,6,6,6,NA,NA,NA,NA,2014-05-23 08:53:00,0
2014-05-23 21:00:00,DCNN,5034,12,1,NCM,697,1011,17.7,13.1,NA,NA,6,6,NA,NA,NA,NA,NA,NA,2014-05-23 20:53:00,0
2014-05-24 09:00:00,DCNN,5034,12,1,NCM,697,1011,15.2,12,10.1,11.6,6,6,6,6,NA,NA,NA,NA,2014-05-24 08:53:00,0
2014-05-24 21:00:00,DCNN,5034,12,1,NCM,697,1011,15.7,10.4,NA,NA,6,6,NA,NA,NA,NA,NA,NA,2014-05-24 21:00:00,0
2014-05-25 09:00:00,DCNN,5034,12,1,NCM,697,1011,16.1,10.2,7.7,8.5,6,6,6,6,NA,NA,NA,NA,2014-05-25 08:52:00,0
2014-05-25 21:00:00,DCNN,5034,12,1,NCM,697,1011,18.4,13.3,NA,NA,6,6,NA,NA,NA,NA,NA,NA,2014-05-25 20:56:00,0
2014-05-26 09:00:00,DCNN,5034,12,1,NCM,697,1022,13.9,9.5,NA,NA,6,6,NA,NA,NA,NA,NA,NA,2014-08-05 11:54:00,0
2014-05-26 21:00:00,DCNN,5034,12,1,NCM,697,1011,15.5,11.8,NA,NA,6,6,NA,NA,NA,NA,NA,NA,2014-05-26 20:54:00,0
2014-05-27 09:00:00,DCNN,5034,12,1,NCM,697,1011,14,11.6,9.9,10.6,6,6,6,6,NA,NA,NA,NA,2014-05-27 08:52:00,0
2014-05-27 21:00:00,DCNN,5034,12,1,NCM,697,1011,13.7,11.2,NA,NA,6,6,NA,NA,NA,NA,NA,NA,2014-05-27 20:53:00,0
2014-05-28 09:00:00,DCNN,5034,12,1,NCM,697,1011,12.5,10.2,10.3,10.7,6,6,6,6,NA,NA,NA,NA,2014-05-28 08:53:00,0
2014-05-28 21:00:00,DCNN,5034,12,1,NCM,697,1011,14.9,12.4,NA,NA,6,6,NA,NA,NA,NA,NA,NA,2014-05-28 20:53:00,0
2014-05-29 09:00:00,DCNN,5034,12,1,NCM,697,1011,16.1,13.4,12.4,12.9,6,6,6,6,NA,NA,NA,NA,2014-05-29 08:53:00,0
2014-05-29 21:00:00,DCNN,5034,12,1,NCM,697,1011,18.7,14.7,NA,NA,6,6,NA,NA,NA,NA,NA,NA,2014-05-29 20:53:00,0
2014-05-30 09:00:00,DCNN,5034,12,1,NCM,697,1011,14.9,12.9,12.3,12.9,6,6,6,6,NA,NA,NA,NA,2014-05-30 08:56:00,0
2014-05-30 21:00:00,DCNN,5034,12,1,NCM,697,1011,16.5,13.3,NA,NA,6,6,NA,NA,NA,NA,NA,NA,2014-05-30 21:23:00,0
2014-05-31 09:00:00,DCNN,5034,12,1,NCM,697,1011,16.9,8.8,5.9,6.9,6,6,6,6,NA,NA,NA,NA,2014-05-31 08:52:00,0
2014-05-31 21:00:00,DCNN,5034,12,1,NCM,697,1011,19.4,15.8,NA,NA,6,6,NA,NA,NA,NA,NA,NA,2014-05-31 20:53:00,0
2014-06-01 09:00:00,DCNN,5034,12,1,NCM,697,1011,18.3,12.5,9.1,10.3,6,6,6,6,NA,NA,NA,NA,2014-06-01 08:53:00,0
2014-06-01 21:00:00,DCNN,5034,12,1,NCM,697,1011,21.9,16.1,NA,NA,6,6,NA,NA,NA,NA,NA,NA,2014-06-01 20:53:00,0
2014-06-02 09:00:00,DCNN,5034,12,1,NCM,697,1011,17.8,12.9,12.6,13.6,6,6,6,6,NA,NA,NA,NA,2014-06-02 08:59:00,0
2014-06-02 21:00:00,DCNN,5034,12,1,NCM,697,1011,21.9,16.3,NA,NA,6,6,NA,NA,NA,NA,NA,NA,2014-06-02 20:53:00,0
2014-06-03 09:00:00,DCNN,5034,12,1,NCM,697,1011,16.3,13,11.5,12.7,6,6,6,6,NA,NA,NA,NA,2014-06-03 08:59:00,0
2014-06-03 21:00:00,DCNN,5034,12,1,NCM,697,1011,19.8,13.5,NA,NA,6,6,NA,NA,NA,NA,NA,NA,2014-06-03 20:53:00,0
2014-06-04 09:00:00,DCNN,5034,12,1,NCM,697,1011,14.4,12.2,12,12.7,6,6,6,6,NA,NA,NA,NA,2014-06-04 08:53:00,0
2014-06-04 21:00:00,DCNN,5034,12,1,NCM,697,1011,15,8,NA,NA,6,6,NA,NA,NA,NA,NA,NA,2014-06-04 20:59:00,0
2014-06-05 09:00:00,DCNN,5034,12,1,NCM,697,1011,15.8,7.9,6.6,7.7,6,6,6,6,NA,NA,NA,NA,2014-06-05 08:55:00,0
2014-06-05 21:00:00,DCNN,5034,12,1,NCM,697,1011,19.6,14.2,NA,NA,6,6,NA,NA,NA,NA,NA,NA,2014-06-05 20:53:00,0
2014-06-06 09:00:00,DCNN,5034,12,1,NCM,697,1011,18.1,7.8,5.7,6.9,6,6,6,6,NA,NA,NA,NA,2014-06-06 08:55:00,0
2014-06-06 21:00:00,DCNN,5034,12,1,NCM,697,1011,23.8,17,NA,NA,6,6,NA,NA,NA,NA,NA,NA,2014-06-06 20:59:00,0
2014-06-07 09:00:00,DCNN,5034,12,1,NCM,697,1011,18.8,15.1,12.9,13.8,6,6,6,6,NA,NA,NA,NA,2014-06-07 08:53:00,0
2014-06-07 21:00:00,DCNN,5034,12,1,NCM,697,1011,22.8,17.3,NA,NA,6,6,NA,NA,NA,NA,NA,NA,2014-06-07 20:52:00,0
2014-06-08 09:00:00,DCNN,5034,12,1,NCM,697,1011,21.4,12.7,10.7,12.2,6,6,6,6,NA,NA,NA,NA,2014-06-08 08:53:00,0
2014-06-08 21:00:00,DCNN,5034,12,1,NCM,697,1011,24.9,19,NA,NA,6,6,NA,NA,NA,NA,NA,NA,2014-06-08 20:52:00,0
2014-06-09 09:00:00,DCNN,5034,12,1,NCM,697,1011,20.7,15.3,12.1,13.3,6,6,6,6,NA,NA,NA,NA,2014-06-09 08:53:00,0
2014-06-09 21:00:00,DCNN,5034,12,1,NCM,697,1011,25.8,17,NA,NA,6,6,NA,NA,NA,NA,NA,NA,2014-06-09 20:52:00,0
2014-06-10 09:00:00,DCNN,5034,12,1,NCM,697,1011,20.1,13.2,11.8,12.5,6,6,6,6,NA,NA,NA,NA,2014-06-10 08:52:00,0
2014-06-10 21:00:00,DCNN,5034,12,1,NCM,697,1011,22.6,16.2,NA,NA,6,6,NA,NA,NA,NA,NA,NA,2014-06-10 20:53:00,0
2014-06-11 09:00:00,DCNN,5034,12,1,NCM,697,1011,18.3,11.9,9.8,11.1,6,6,6,6,NA,NA,NA,NA,2014-06-11 08:53:00,0
2014-06-11 21:00:00,DCNN,5034,12,1,NCM,697,1011,22.2,17.5,NA,NA,6,6,NA,NA,NA,NA,NA,NA,2014-06-11 20:52:00,0
2014-06-12 09:00:00,DCNN,5034,12,1,NCM,697,1011,21.5,12.3,9.6,11.5,6,6,6,6,NA,NA,NA,NA,2014-06-12 08:53:00,0
2014-06-12 21:00:00,DCNN,5034,12,1,NCM,697,1011,26.1,19.9,NA,NA,6,6,NA,NA,NA,NA,NA,NA,2014-06-12 20:53:00,0
2014-06-13 09:00:00,DCNN,5034,12,1,NCM,697,1011,22.5,13.6,11.3,12.5,6,6,6,6,NA,NA,NA,NA,2014-06-13 08:53:00,0
2014-06-13 21:00:00,DCNN,5034,12,1,NCM,697,1011,25.9,20.9,NA,NA,6,6,NA,NA,NA,NA,NA,NA,2014-06-13 20:52:00,0
2014-06-14 09:00:00,DCNN,5034,12,1,NCM,697,1011,20.9,15.3,14.8,15,6,6,6,6,NA,NA,NA,NA,2014-06-14 08:53:00,0
2014-06-14 21:00:00,DCNN,5034,12,1,NCM,697,1011,21.5,16.1,NA,NA,6,6,NA,NA,NA,NA,NA,NA,2014-06-14 20:52:00,0
2014-06-15 09:00:00,DCNN,5034,12,1,NCM,697,1011,16.1,13.9,11,12.1,6,6,6,6,NA,NA,NA,NA,2014-06-15 08:53:00,0
2014-06-15 21:00:00,DCNN,5034,12,1,NCM,697,1011,18.3,15.2,NA,NA,6,6,NA,NA,NA,NA,NA,NA,2014-06-15 20:53:00,0
2014-06-16 09:00:00,DCNN,5034,12,1,NCM,697,1011,15.5,13.4,10.4,11.7,6,6,6,6,NA,NA,NA,NA,2014-06-16 08:53:00,0
2014-06-16 21:00:00,DCNN,5034,12,1,NCM,697,1011,17.7,14.7,NA,NA,6,6,NA,NA,NA,NA,NA,NA,2014-06-16 20:52:00,0
2014-06-17 09:00:00,DCNN,5034,12,1,NCM,697,1011,16.1,13.3,13.3,13.6,6,6,6,6,NA,NA,NA,NA,2014-06-17 08:59:00,0
2014-06-17 21:00:00,DCNN,5034,12,1,NCM,697,1011,21.5,15.7,NA,NA,6,6,NA,NA,NA,NA,NA,NA,2014-06-17 20:53:00,0
2014-06-18 09:00:00,DCNN,5034,12,1,NCM,697,1011,16.3,13.5,12.3,13.1,6,6,6,6,NA,NA,NA,NA,2014-06-18 09:24:00,26
2014-06-18 21:00:00,DCNN,5034,12,1,NCM,697,1011,22.5,16.3,NA,NA,6,6,NA,NA,NA,NA,NA,NA,2014-06-18 20:53:00,0
2014-06-19 09:00:00,DCNN,5034,12,1,NCM,697,1011,20.1,11.7,9.2,10.5,6,6,6,6,NA,NA,NA,NA,2014-06-19 08:57:00,0
2014-06-19 21:00:00,DCNN,5034,12,1,NCM,697,1011,20.9,15.7,NA,NA,6,6,NA,NA,NA,NA,NA,NA,2014-06-19 20:53:00,0
2014-06-20 09:00:00,DCNN,5034,12,1,NCM,697,1011,16.8,11.4,8,9.5,6,6,6,6,NA,NA,NA,NA,2014-06-20 08:52:00,0
2014-06-20 21:00:00,DCNN,5034,12,1,NCM,697,1011,23.1,16.3,NA,NA,6,6,NA,NA,NA,NA,NA,NA,2014-06-20 20:52:00,0
2014-06-21 09:00:00,DCNN,5034,12,1,NCM,697,1011,19.5,13.7,10.9,12,6,6,6,6,NA,NA,NA,NA,2014-06-21 08:52:00,0
2014-06-21 21:00:00,DCNN,5034,12,1,NCM,697,1011,24.1,19.2,NA,NA,6,6,NA,NA,NA,NA,NA,NA,2014-06-21 20:53:00,0
2014-06-22 09:00:00,DCNN,5034,12,1,NCM,697,1011,20.6,14.3,10.7,12.2,6,6,6,6,NA,NA,NA,NA,2014-06-22 08:58:00,0
2014-06-22 21:00:00,DCNN,5034,12,1,NCM,697,1011,24.4,18.9,NA,NA,6,6,NA,NA,NA,NA,NA,NA,2014-06-22 20:58:00,0
2014-06-23 09:00:00,DCNN,5034,12,1,NCM,697,1011,19.2,13.8,11.3,12.3,6,6,6,6,NA,NA,NA,NA,2014-06-23 08:52:00,0
2014-06-23 21:00:00,DCNN,5034,12,1,NCM,697,1011,24.8,17.4,NA,NA,6,6,NA,NA,NA,NA,NA,NA,2014-06-23 20:53:00,0
2014-06-24 09:00:00,DCNN,5034,12,1,NCM,697,1011,20.4,14.7,12.4,12.8,6,6,6,6,NA,NA,NA,NA,2014-06-24 08:53:00,0
2014-06-24 21:00:00,DCNN,5034,12,1,NCM,697,1011,24.7,17,NA,NA,6,6,NA,NA,NA,NA,NA,NA,2014-06-24 20:53:00,0
2014-06-25 09:00:00,DCNN,5034,12,1,NCM,697,1011,17.2,11.8,9.2,10.9,6,6,6,6,NA,NA,NA,NA,2014-06-25 08:52:00,0
2014-06-25 21:00:00,DCNN,5034,12,1,NCM,697,1011,21.7,16.2,NA,NA,6,6,NA,NA,NA,NA,NA,NA,2014-06-25 20:52:00,0
2014-06-26 09:00:00,DCNN,5034,12,1,NCM,697,1011,18.3,10.5,8,9.2,6,6,6,6,NA,NA,NA,NA,2014-06-26 08:52:00,0
2014-06-26 21:00:00,DCNN,5034,12,1,NCM,697,1011,21.6,15.4,NA,NA,6,6,NA,NA,NA,NA,NA,NA,2014-06-26 20:55:00,0
2014-06-27 09:00:00,DCNN,5034,12,1,NCM,697,1011,18.1,13.8,13,12.7,6,6,6,6,NA,NA,NA,NA,2014-06-27 08:59:00,0
2014-06-27 21:00:00,DCNN,5034,12,1,NCM,697,1011,22.4,16.7,NA,NA,6,6,NA,NA,NA,NA,NA,NA,2014-06-27 20:59:00,0
2014-06-28 09:00:00,DCNN,5034,12,1,NCM,697,1011,18.6,12.9,10.3,11.5,6,6,6,6,NA,NA,NA,NA,2014-06-28 08:54:00,0
2014-06-28 21:00:00,DCNN,5034,12,1,NCM,697,1011,18.6,14.4,NA,NA,6,6,NA,NA,NA,NA,NA,NA,2014-06-28 20:53:00,0
2014-06-29 09:00:00,DCNN,5034,12,1,NCM,697,1011,16.7,12.9,12.5,12.9,6,6,6,6,NA,NA,NA,NA,2014-06-29 08:54:00,0
2014-06-29 21:00:00,DCNN,5034,12,1,NCM,697,1011,19.7,13.8,NA,NA,6,6,NA,NA,NA,NA,NA,NA,2014-06-29 21:01:00,0
2014-06-30 09:00:00,DCNN,5034,12,1,NCM,697,1011,18.1,10.3,8.4,8.9,6,6,6,6,NA,NA,NA,NA,2014-06-30 08:52:00,0
2014-06-30 21:00:00,DCNN,5034,12,1,NCM,697,1011,20.9,14.8,NA,NA,6,6,NA,NA,NA,NA,NA,NA,2014-06-30 20:52:00,0
2014-07-01 09:00:00,DCNN,5034,12,1,NCM,697,1011,19.3,12.6,10,10.4,6,6,6,6,NA,NA,NA,NA,2014-07-01 08:52:00,0
2014-07-01 21:00:00,DCNN,5034,12,1,NCM,697,1011,22.9,16.3,NA,NA,6,6,NA,NA,NA,NA,NA,NA,2014-07-01 20:53:00,0
2014-07-02 09:00:00,DCNN,5034,12,1,NCM,697,1011,19.4,11.3,8.5,9.9,6,6,6,6,NA,NA,NA,NA,2014-07-02 08:52:00,0
2014-07-02 21:00:00,DCNN,5034,12,1,NCM,697,1011,24.7,18.6,NA,NA,6,6,NA,NA,NA,NA,NA,NA,2014-07-02 20:52:00,0
2014-07-03 09:00:00,DCNN,5034,12,1,NCM,697,1011,21.3,14.2,10.6,12,6,6,6,6,NA,NA,NA,NA,2014-07-03 08:59:00,0
2014-07-03 21:00:00,DCNN,5034,12,1,NCM,697,1011,26.2,20.1,NA,NA,6,6,NA,NA,NA,NA,NA,NA,2014-07-03 20:54:00,0
2014-07-04 09:00:00,DCNN,5034,12,1,NCM,697,1011,21.4,15,12,13.3,6,6,6,6,NA,NA,NA,NA,2014-07-04 08:55:00,0
2014-07-04 21:00:00,DCNN,5034,12,1,NCM,697,1011,26.9,18.8,NA,NA,6,6,NA,NA,NA,NA,NA,NA,2014-07-04 20:54:00,0
2014-07-05 09:00:00,DCNN,5034,12,1,NCM,697,1011,18.8,16.7,16.4,16.4,6,6,6,6,NA,NA,NA,NA,2014-07-05 08:54:00,0
2014-07-05 21:00:00,DCNN,5034,12,1,NCM,697,1011,21.5,16.8,NA,NA,6,6,NA,NA,NA,NA,NA,NA,2014-07-05 20:54:00,0
2014-07-06 09:00:00,DCNN,5034,12,1,NCM,697,1011,17.6,14.5,14.5,14.1,6,6,6,6,NA,NA,NA,NA,2014-07-06 08:56:00,0
2014-07-06 21:00:00,DCNN,5034,12,1,NCM,697,1011,21.7,13.3,NA,NA,6,6,NA,NA,NA,NA,NA,NA,2014-07-06 20:54:00,0
2014-07-07 09:00:00,DCNN,5034,12,1,NCM,697,1011,19,11.1,9.2,9.5,6,6,6,6,NA,NA,NA,NA,2014-07-07 08:54:00,0
2014-07-07 21:00:00,DCNN,5034,12,1,NCM,697,1011,21.6,16.7,NA,NA,6,6,NA,NA,NA,NA,NA,NA,2014-07-07 20:54:00,0
2014-07-08 09:00:00,DCNN,5034,12,1,NCM,697,1011,18.9,11.7,9.5,10.2,6,6,6,6,NA,NA,NA,NA,2014-07-08 09:26:00,24
2014-07-08 21:00:00,DCNN,5034,12,1,NCM,697,1011,19.7,14.8,NA,NA,6,6,NA,NA,NA,NA,NA,NA,2014-07-08 20:54:00,0
2014-07-09 09:00:00,DCNN,5034,12,1,NCM,697,1011,18,13.2,11.2,11.7,6,6,6,6,NA,NA,NA,NA,2014-07-09 08:56:00,0
2014-07-09 21:00:00,DCNN,5034,12,1,NCM,697,1011,23.8,17.7,NA,NA,6,6,NA,NA,NA,NA,NA,NA,2014-07-09 20:54:00,0
2014-07-10 09:00:00,DCNN,5034,12,1,NCM,697,1011,19.6,15.4,14,15,6,6,6,6,NA,NA,NA,NA,2014-07-10 08:55:00,0
2014-07-10 21:00:00,DCNN,5034,12,1,NCM,697,1011,17.9,15.8,NA,NA,6,6,NA,NA,NA,NA,NA,NA,2014-07-10 20:54:00,0
2014-07-11 09:00:00,DCNN,5034,12,1,NCM,697,1011,16.5,13.1,10.4,11.7,6,6,6,6,NA,NA,NA,NA,2014-07-11 08:54:00,0
2014-07-11 21:00:00,DCNN,5034,12,1,NCM,697,1011,20.3,14.1,NA,NA,6,6,NA,NA,NA,NA,NA,NA,2014-07-11 20:54:00,0
2014-07-12 09:00:00,DCNN,5034,12,1,NCM,697,1011,17.8,15.2,15.3,15.5,6,6,6,6,NA,NA,NA,NA,2014-07-12 08:56:00,0
2014-07-12 21:00:00,DCNN,5034,12,1,NCM,697,1011,27.4,17.4,NA,NA,6,6,NA,NA,NA,NA,NA,NA,2014-07-12 20:53:00,0
2014-07-13 09:00:00,DCNN,5034,12,1,NCM,697,1011,20.4,17.2,17.2,17,6,6,6,6,NA,NA,NA,NA,2014-07-13 08:53:00,0
2014-07-13 21:00:00,DCNN,5034,12,1,NCM,697,1011,25.5,18.6,NA,NA,6,6,NA,NA,NA,NA,NA,NA,2014-07-13 20:58:00,0
2014-07-14 09:00:00,DCNN,5034,12,1,NCM,697,1011,19.4,12.6,9.7,11.1,6,6,6,6,NA,NA,NA,NA,2014-07-14 08:53:00,0
2014-07-14 21:00:00,DCNN,5034,12,1,NCM,697,1011,24.4,18.9,NA,NA,6,6,NA,NA,NA,NA,NA,NA,2014-07-14 20:53:00,0
2014-07-15 09:00:00,DCNN,5034,12,1,NCM,697,1011,21.3,17.9,16.8,17.8,6,6,6,6,NA,NA,NA,NA,2014-07-15 08:53:00,0
2014-07-15 21:00:00,DCNN,5034,12,1,NCM,697,1011,25.8,19.9,NA,NA,6,6,NA,NA,NA,NA,NA,NA,2014-07-15 20:53:00,0
2014-07-16 09:00:00,DCNN,5034,12,1,NCM,697,1011,22.2,13.7,11.4,12.7,6,6,6,6,NA,NA,NA,NA,2014-07-16 08:53:00,0
2014-07-16 21:00:00,DCNN,5034,12,1,NCM,697,1011,27.1,21.6,NA,NA,6,6,NA,NA,NA,NA,NA,NA,2014-07-16 20:53:00,0
2014-07-17 09:00:00,DCNN,5034,12,1,NCM,697,1011,23.4,17.2,14.9,15.9,6,6,6,6,NA,NA,NA,NA,2014-07-17 08:53:00,0
2014-07-17 21:00:00,DCNN,5034,12,1,NCM,697,1011,27.9,21.5,NA,NA,6,6,NA,NA,NA,NA,NA,NA,2014-07-17 20:53:00,0
2014-07-18 09:00:00,DCNN,5034,12,1,NCM,697,1011,23.3,18.4,17,17.2,6,6,6,6,NA,NA,NA,NA,2014-07-18 08:53:00,0
2014-07-18 21:00:00,DCNN,5034,12,1,NCM,697,1011,31.8,23.2,NA,NA,6,6,NA,NA,NA,NA,NA,NA,2014-07-18 20:53:00,0
2014-07-19 09:00:00,DCNN,5034,12,1,NCM,697,1011,24.8,19.3,17.9,18.6,6,6,6,6,NA,NA,NA,NA,2014-07-19 08:53:00,0
2014-07-19 21:00:00,DCNN,5034,12,1,NCM,697,1011,28.5,21.5,NA,NA,6,6,NA,NA,NA,NA,NA,NA,2014-07-19 20:57:00,0
2014-07-20 09:00:00,DCNN,5034,12,1,NCM,697,1011,22.2,18,16.3,17.1,1006,6,6,6,NA,NA,NA,NA,2014-07-20 08:53:00,0
2014-07-20 21:00:00,DCNN,5034,12,1,NCM,697,1011,25.6,19.1,NA,NA,6,6,NA,NA,NA,NA,NA,NA,2014-07-20 20:53:00,0
2014-07-21 09:00:00,DCNN,5034,12,1,NCM,697,1011,20.7,17.4,15.4,15.7,6,6,6,6,NA,NA,NA,NA,2014-07-21 08:53:00,0
2014-07-21 21:00:00,DCNN,5034,12,1,NCM,697,1011,26.8,20.4,NA,NA,6,6,NA,NA,NA,NA,NA,NA,2014-07-21 20:53:00,0
2014-07-22 09:00:00,DCNN,5034,12,1,NCM,697,1011,24.2,15.5,13.4,15,6,6,6,6,NA,NA,NA,NA,2014-07-22 08:53:00,0
2014-07-22 21:00:00,DCNN,5034,12,1,NCM,697,1011,27.1,19.5,NA,NA,6,6,NA,NA,NA,NA,NA,NA,2014-07-22 20:53:00,0
2014-07-23 09:00:00,DCNN,5034,12,1,NCM,697,1011,22,16.1,14,15.1,1006,6,6,6,NA,NA,NA,NA,2014-07-23 08:53:00,0
2014-07-23 21:00:00,DCNN,5034,12,1,NCM,697,1011,29.4,20.2,NA,NA,6,6,NA,NA,NA,NA,NA,NA,2014-07-23 20:53:00,0
2014-07-24 09:00:00,DCNN,5034,12,1,NCM,697,1011,23.4,16.6,14.3,15.6,6,6,6,6,NA,NA,NA,NA,2014-07-24 08:57:00,0
2014-07-24 21:00:00,DCNN,5034,12,1,NCM,697,1011,29.1,21.9,NA,NA,6,6,NA,NA,NA,NA,NA,NA,2014-07-24 20:53:00,0
2014-07-25 09:00:00,DCNN,5034,12,1,NCM,697,1011,23,17.1,14.6,15.7,1006,6,6,6,NA,NA,NA,NA,2014-07-25 08:54:00,0
2014-07-25 21:00:00,DCNN,5034,12,1,NCM,697,1011,27.8,18.5,NA,NA,6,6,NA,NA,NA,NA,NA,NA,2014-07-25 20:54:00,0
2014-07-26 09:00:00,DCNN,5034,12,1,NCM,697,1011,22.3,17.4,15.6,16.1,6,6,6,6,NA,NA,NA,NA,2014-07-26 08:54:00,0
2014-07-26 21:00:00,DCNN,5034,12,1,NCM,697,1011,29.4,21.8,NA,NA,6,6,NA,NA,NA,NA,NA,NA,2014-07-26 20:57:00,0
2014-07-27 09:00:00,DCNN,5034,12,1,NCM,697,1011,25.8,19.3,16.5,17.6,6,6,6,6,NA,NA,NA,NA,2014-07-27 08:54:00,0
2014-07-27 21:00:00,DCNN,5034,12,1,NCM,697,1011,26.1,20.3,NA,NA,6,6,NA,NA,NA,NA,NA,NA,2014-07-27 20:54:00,0
2014-07-28 09:00:00,DCNN,5034,12,1,NCM,697,1011,21.9,16.6,15.2,16,6,6,6,6,NA,NA,NA,NA,2014-07-28 09:00:00,0
2014-07-28 21:00:00,DCNN,5034,12,1,NCM,697,1011,24.3,18.3,NA,NA,6,1006,NA,NA,NA,NA,NA,NA,2014-07-28 20:54:00,0
2014-07-29 09:00:00,DCNN,5034,12,1,NCM,697,1011,20.8,16.8,15.5,16.3,6,6,6,6,NA,NA,NA,NA,2014-07-29 08:54:00,0
2014-07-29 21:00:00,DCNN,5034,12,1,NCM,697,1011,27.4,20.5,NA,NA,6,6,NA,NA,NA,NA,NA,NA,2014-07-29 20:58:00,0
2014-07-30 09:00:00,DCNN,5034,12,1,NCM,697,1011,22,15.8,12.6,15.5,1006,6,6,6,NA,NA,NA,NA,2014-07-30 08:56:00,0
2014-07-30 21:00:00,DCNN,5034,12,1,NCM,697,1011,26.5,18.4,NA,NA,6,6,NA,NA,NA,NA,NA,NA,2014-07-30 20:53:00,0
2014-07-31 09:00:00,DCNN,5034,12,1,NCM,697,1011,20.9,15.4,13,15.5,6,6,6,6,NA,NA,NA,NA,2014-07-31 08:53:00,0
2014-07-31 21:00:00,DCNN,5034,12,1,NCM,697,1011,25.8,20.1,NA,NA,6,6,NA,NA,NA,NA,NA,NA,2014-07-31 20:53:00,0
2014-08-01 09:00:00,DCNN,5034,12,1,NCM,697,1011,20.5,15.8,13.4,16,6,6,6,6,NA,NA,NA,NA,2014-08-01 08:53:00,0
2014-08-01 21:00:00,DCNN,5034,12,1,NCM,697,1011,25.7,18.3,NA,NA,6,6,NA,NA,NA,NA,NA,NA,2014-08-01 20:53:00,0
2014-08-02 09:00:00,DCNN,5034,12,1,NCM,697,1011,18.5,16.6,14.7,17.3,6,6,6,6,NA,NA,NA,NA,2014-08-02 08:53:00,0
2014-08-02 21:00:00,DCNN,5034,12,1,NCM,697,1011,24.2,18.3,NA,NA,6,6,NA,NA,NA,NA,NA,NA,2014-08-02 20:53:00,0
2014-08-03 09:00:00,DCNN,5034,12,1,NCM,697,1011,18.9,12.9,9.1,12.5,6,6,6,6,NA,NA,NA,NA,2014-08-03 08:54:00,0
2014-08-03 21:00:00,DCNN,5034,12,1,NCM,697,1011,24.2,18.4,NA,NA,6,6,NA,NA,NA,NA,NA,NA,2014-08-03 20:53:00,0
2014-08-04 09:00:00,DCNN,5034,12,1,NCM,697,1011,19.4,14.5,12.6,14.7,6,6,6,6,NA,NA,NA,NA,2014-08-04 08:53:00,0
2014-08-04 21:00:00,DCNN,5034,12,1,NCM,697,1011,25.1,19.2,NA,NA,6,6,NA,NA,NA,NA,NA,NA,2014-08-04 20:54:00,0
2014-08-05 09:00:00,DCNN,5034,12,1,NCM,697,1011,20.7,13.6,10.7,13.7,6,6,6,6,NA,NA,NA,NA,2014-08-05 08:54:00,0
2014-08-05 21:00:00,DCNN,5034,12,1,NCM,697,1011,24.7,19.3,NA,NA,6,6,NA,NA,NA,NA,NA,NA,2014-08-05 21:25:00,0
2014-08-06 09:00:00,DCNN,5034,12,1,NCM,697,1011,19.3,16.6,16.2,17.3,6,6,6,6,NA,NA,NA,NA,2014-08-06 08:54:00,0
2014-08-06 21:00:00,DCNN,5034,12,1,NCM,697,1011,26.1,18.6,NA,NA,6,1006,NA,NA,NA,NA,NA,NA,2014-08-06 20:54:00,0
2014-08-07 09:00:00,DCNN,5034,12,1,NCM,697,1011,21.9,14.7,12.4,14.8,6,6,6,6,NA,NA,NA,NA,2014-08-07 08:57:00,0
2014-08-07 21:00:00,DCNN,5034,12,1,NCM,697,1011,27.2,20.9,NA,NA,6,6,NA,NA,NA,NA,NA,NA,2014-08-07 20:55:00,0
2014-08-08 09:00:00,DCNN,5034,12,1,NCM,697,1011,21.8,17.5,14.5,17.2,6,6,6,6,NA,NA,NA,NA,2014-08-08 08:53:00,0
2014-08-08 21:00:00,DCNN,5034,12,1,NCM,697,1011,24.7,17.1,NA,NA,6,6,NA,NA,NA,NA,NA,NA,2014-08-08 20:54:00,0
2014-08-09 09:00:00,DCNN,5034,12,1,NCM,697,1011,18.8,13.5,12.3,13.9,6,6,6,6,NA,NA,NA,NA,2014-08-09 09:00:00,0
2014-08-09 21:00:00,DCNN,5034,12,1,NCM,697,1011,23.8,17.9,NA,NA,6,6,NA,NA,NA,NA,NA,NA,2014-08-09 20:54:00,0
2014-08-10 09:00:00,DCNN,5034,12,1,NCM,697,1011,18.2,15.5,14.7,15.7,6,6,6,6,NA,NA,NA,NA,2014-08-10 08:54:00,0
2014-08-10 21:00:00,DCNN,5034,12,1,NCM,697,1011,22.7,16.7,NA,NA,6,6,NA,NA,NA,NA,NA,NA,2014-08-10 20:54:00,0
2014-08-11 09:00:00,DCNN,5034,12,1,NCM,697,1011,18.6,13,10.3,12.3,6,6,6,6,NA,NA,NA,NA,2014-08-11 08:53:00,0
2014-08-11 21:00:00,DCNN,5034,12,1,NCM,697,1011,21.9,13.7,NA,NA,6,6,NA,NA,NA,NA,NA,NA,2014-08-11 20:54:00,0
2014-08-12 09:00:00,DCNN,5034,12,1,NCM,697,1011,17.6,13,10.7,12.2,6,6,6,6,NA,NA,NA,NA,2014-08-12 09:00:00,0
2014-08-12 21:00:00,DCNN,5034,12,1,NCM,697,1011,20.7,12.1,NA,NA,6,6,NA,NA,NA,NA,NA,NA,2014-08-12 20:54:00,0
2014-08-13 09:00:00,DCNN,5034,12,1,NCM,697,1011,18.1,12.1,10.3,11.6,6,6,6,6,NA,NA,NA,NA,2014-08-13 08:57:00,0
2014-08-13 21:00:00,DCNN,5034,12,1,NCM,697,1011,22.2,16.9,NA,NA,6,6,NA,NA,NA,NA,NA,NA,2014-08-13 20:58:00,0
2014-08-14 09:00:00,DCNN,5034,12,1,NCM,697,1011,17.2,13.4,10.2,13.2,6,6,6,6,NA,NA,NA,NA,2014-08-14 08:54:00,0
2014-08-14 21:00:00,DCNN,5034,12,1,NCM,697,1011,22.1,13.5,NA,NA,6,6,NA,NA,NA,NA,NA,NA,2014-08-14 20:54:00,0
2014-08-15 09:00:00,DCNN,5034,12,1,NCM,697,1011,15.4,13.1,11.1,12.4,6,6,6,6,NA,NA,NA,NA,2014-08-15 08:54:00,0
2014-08-15 21:00:00,DCNN,5034,12,1,NCM,697,1011,20.4,15.4,NA,NA,6,6,NA,NA,NA,NA,NA,NA,2014-08-15 20:54:00,0
2014-08-16 09:00:00,DCNN,5034,12,1,NCM,697,1011,17.7,12.4,9.9,12.3,6,6,6,6,NA,NA,NA,NA,2014-08-16 08:54:00,0
2014-08-16 21:00:00,DCNN,5034,12,1,NCM,697,1011,21.2,16.5,NA,NA,6,6,NA,NA,NA,NA,NA,NA,2014-08-16 20:54:00,0
2014-08-17 09:00:00,DCNN,5034,12,1,NCM,697,1011,16.6,14.4,14.2,14.9,6,6,6,6,NA,NA,NA,NA,2014-08-17 08:54:00,0
2014-08-17 21:00:00,DCNN,5034,12,1,NCM,697,1011,21.5,14.9,NA,NA,6,6,NA,NA,NA,NA,NA,NA,2014-08-17 20:59:00,0
2014-08-18 09:00:00,DCNN,5034,12,1,NCM,697,1011,15.8,11.4,8.6,10.8,6,6,6,6,NA,NA,NA,NA,2014-08-18 08:54:00,0
2014-08-18 21:00:00,DCNN,5034,12,1,NCM,697,1011,20.7,12.9,NA,NA,6,6,NA,NA,NA,NA,NA,NA,2014-08-18 20:54:00,0
2014-08-19 09:00:00,DCNN,5034,12,1,NCM,697,1011,14.4,10.6,8.6,10.3,6,6,6,6,NA,NA,NA,NA,2014-08-19 08:54:00,0
2014-08-19 21:00:00,DCNN,5034,12,1,NCM,697,1011,18.8,12.7,NA,NA,6,6,NA,NA,NA,NA,NA,NA,2014-08-19 20:56:00,0
2014-08-20 09:00:00,DCNN,5034,12,1,NCM,697,1011,15.5,8.1,5.7,8.5,6,6,6,6,NA,NA,NA,NA,2014-08-20 08:53:00,0
2014-08-20 21:00:00,DCNN,5034,12,1,NCM,697,1011,19.5,14.5,NA,NA,6,6,NA,NA,NA,NA,NA,NA,2014-08-20 21:00:00,0
2014-08-21 09:00:00,DCNN,5034,12,1,NCM,697,1011,15.1,8,5.2,8.7,6,6,6,6,NA,NA,NA,NA,2014-08-21 08:54:00,0
2014-08-21 21:00:00,DCNN,5034,12,1,NCM,697,1011,18.5,14.6,NA,NA,6,6,NA,NA,NA,NA,NA,NA,2014-08-21 21:26:00,0
2014-08-22 09:00:00,DCNN,5034,12,1,NCM,697,1011,14.9,12.5,10.4,12.2,6,6,6,6,NA,NA,NA,NA,2014-08-22 08:54:00,0
2014-08-22 21:00:00,DCNN,5034,12,1,NCM,697,1011,20.6,14.7,NA,NA,6,6,NA,NA,NA,NA,NA,NA,2014-08-22 20:53:00,0
2014-08-23 09:00:00,DCNN,5034,12,1,NCM,697,1011,15.4,9.5,6.2,9.8,6,6,6,6,NA,NA,NA,NA,2014-08-23 08:54:00,0
2014-08-23 21:00:00,DCNN,5034,12,1,NCM,697,1011,19.8,12.8,NA,NA,6,6,NA,NA,NA,NA,NA,NA,2014-08-23 21:00:00,0
2014-08-24 09:00:00,DCNN,5034,12,1,NCM,697,1011,14.2,7.7,5.9,8,6,6,6,6,NA,NA,NA,NA,2014-08-24 08:54:00,0
2014-08-24 21:00:00,DCNN,5034,12,1,NCM,697,1011,18.7,14.1,NA,NA,6,6,NA,NA,NA,NA,NA,NA,2014-08-24 20:59:00,0
2014-08-25 09:00:00,DCNN,5034,12,1,NCM,697,1011,15.1,13.2,11.5,13.5,6,6,6,6,NA,NA,NA,NA,2014-08-25 08:54:00,0
2014-08-25 21:00:00,DCNN,5034,12,1,NCM,697,1011,17.1,14.2,NA,NA,6,6,NA,NA,NA,NA,NA,NA,2014-08-25 20:53:00,0
2014-08-26 09:00:00,DCNN,5034,12,1,NCM,697,1011,16.4,14.7,12.4,13.8,6,6,6,6,NA,NA,NA,NA,2014-08-26 08:53:00,0
2014-08-26 21:00:00,DCNN,5034,12,1,NCM,697,1011,16.9,14.1,NA,NA,6,6,NA,NA,NA,NA,NA,NA,2014-08-26 20:53:00,0
2014-08-27 09:00:00,DCNN,5034,12,1,NCM,697,1011,17.9,11.4,8.7,10.3,6,6,6,6,NA,NA,NA,NA,2014-08-27 08:57:00,0
2014-08-27 21:00:00,DCNN,5034,12,1,NCM,697,1011,19.5,17.2,NA,NA,6,6,NA,NA,NA,NA,NA,NA,2014-08-27 20:54:00,0
2014-08-28 09:00:00,DCNN,5034,12,1,NCM,697,1011,18.3,16.8,15.8,16.4,6,6,6,6,NA,NA,NA,NA,2014-08-28 08:53:00,0
2014-08-28 21:00:00,DCNN,5034,12,1,NCM,697,1011,22.9,16.2,NA,NA,6,6,NA,NA,NA,NA,NA,NA,2014-08-28 20:53:00,0
2014-08-29 09:00:00,DCNN,5034,12,1,NCM,697,1011,18.3,13.9,11.2,13,6,6,6,6,NA,NA,NA,NA,2014-08-29 08:53:00,0
2014-08-29 21:00:00,DCNN,5034,12,1,NCM,697,1011,21,17.4,NA,NA,6,6,NA,NA,NA,NA,NA,NA,2014-08-29 20:54:00,0
2014-08-30 09:00:00,DCNN,5034,12,1,NCM,697,1011,17.4,15.4,14.7,15.5,6,6,6,6,NA,NA,NA,NA,2014-08-30 09:00:00,0
2014-08-30 21:00:00,DCNN,5034,12,1,NCM,697,1011,19.8,16.3,NA,NA,6,6,NA,NA,NA,NA,NA,NA,2014-08-30 20:54:00,0
2014-08-31 09:00:00,DCNN,5034,12,1,NCM,697,1011,17.5,13.1,11.3,13.1,6,6,6,6,NA,NA,NA,NA,2014-08-31 08:54:00,0
2014-08-31 21:00:00,DCNN,5034,12,1,NCM,697,1011,22.9,14.9,NA,NA,6,6,NA,NA,NA,NA,NA,NA,2014-08-31 20:54:00,0
2014-09-01 09:00:00,DCNN,5034,12,1,NCM,697,1011,16.4,12.2,9,11.6,6,6,6,6,NA,NA,NA,NA,2014-09-01 08:54:00,0
2014-09-01 21:00:00,DCNN,5034,12,1,NCM,697,1011,19.5,15.9,NA,NA,6,6,NA,NA,NA,NA,NA,NA,2014-09-01 20:56:00,0
2014-09-02 09:00:00,DCNN,5034,12,1,NCM,697,1011,17.7,13.3,10.9,12.6,6,6,6,6,NA,NA,NA,NA,2014-09-02 08:53:00,0
2014-09-02 21:00:00,DCNN,5034,12,1,NCM,697,1011,22.8,17.1,NA,NA,6,6,NA,NA,NA,NA,NA,NA,2014-09-02 21:00:00,0
2014-09-03 09:00:00,DCNN,5034,12,1,NCM,697,1011,18.1,15.6,12.7,14.9,6,6,6,6,NA,NA,NA,NA,2014-09-03 08:55:00,0
2014-09-03 21:00:00,DCNN,5034,12,1,NCM,697,1011,23.4,17.1,NA,NA,6,6,NA,NA,NA,NA,NA,NA,2014-09-03 20:56:00,0
2014-09-04 09:00:00,DCNN,5034,12,1,NCM,697,1011,19.2,14.5,11.3,13.8,6,6,6,6,NA,NA,NA,NA,2014-09-04 08:54:00,0
2014-09-04 21:00:00,DCNN,5034,12,1,NCM,697,1011,20.8,18.7,NA,NA,6,6,NA,NA,NA,NA,NA,NA,2014-09-04 20:54:00,0
2014-09-05 09:00:00,DCNN,5034,12,1,NCM,697,1011,18.7,14.1,10.9,13.7,6,6,6,6,NA,NA,NA,NA,2014-09-05 08:53:00,0
2014-09-05 21:00:00,DCNN,5034,12,1,NCM,697,1011,21.3,16.6,NA,NA,6,6,NA,NA,NA,NA,NA,NA,2014-09-05 20:58:00,0
2014-09-06 09:00:00,DCNN,5034,12,1,NCM,697,1011,18.5,16.6,16.1,16.9,6,6,6,6,NA,NA,NA,NA,2014-09-06 08:54:00,0
2014-09-06 21:00:00,DCNN,5034,12,1,NCM,697,1011,22.2,18,NA,NA,6,6,NA,NA,NA,NA,NA,NA,2014-09-06 20:53:00,0
2014-09-07 09:00:00,DCNN,5034,12,1,NCM,697,1011,18,14.2,10.7,14.1,6,6,6,6,NA,NA,NA,NA,2014-09-07 08:53:00,0
2014-09-07 21:00:00,DCNN,5034,12,1,NCM,697,1011,21.8,15.9,NA,NA,6,6,NA,NA,NA,NA,NA,NA,2014-09-07 20:54:00,0
2014-09-08 09:00:00,DCNN,5034,12,1,NCM,697,1011,17.7,11,7.1,11.1,6,6,6,6,NA,NA,NA,NA,2014-09-08 08:56:00,0
2014-09-08 21:00:00,DCNN,5034,12,1,NCM,697,1011,22.8,15.5,NA,NA,6,6,NA,NA,NA,NA,NA,NA,2014-09-08 20:55:00,0
2014-09-09 09:00:00,DCNN,5034,12,1,NCM,697,1011,17.2,12.7,8.9,12.3,6,6,6,6,NA,NA,NA,NA,2014-09-09 08:56:00,0
2014-09-09 21:00:00,DCNN,5034,12,1,NCM,697,1011,22.2,15.7,NA,NA,6,6,NA,NA,NA,NA,NA,NA,2014-09-09 20:58:00,0
2014-09-10 09:00:00,DCNN,5034,12,1,NCM,697,1011,17.5,11,8.1,11.5,6,6,6,6,NA,NA,NA,NA,2014-09-10 08:54:00,0
2014-09-10 21:00:00,DCNN,5034,12,1,NCM,697,1011,20.1,15.1,NA,NA,6,6,NA,NA,NA,NA,NA,NA,2014-09-10 20:54:00,0
2014-09-11 09:00:00,DCNN,5034,12,1,NCM,697,1011,15.3,11.3,7.4,11.1,6,6,6,6,NA,NA,NA,NA,2014-09-11 08:54:00,0
2014-09-11 21:00:00,DCNN,5034,12,1,NCM,697,1011,18.4,15,NA,NA,6,6,NA,NA,NA,NA,NA,NA,2014-09-11 20:54:00,0
2014-09-12 09:00:00,DCNN,5034,12,1,NCM,697,1011,16.6,13.9,10.5,13.2,6,6,6,6,NA,NA,NA,NA,2014-09-12 08:54:00,0
2014-09-12 21:00:00,DCNN,5034,12,1,NCM,697,1011,22.9,16.3,NA,NA,6,1006,NA,NA,NA,NA,NA,NA,2014-09-12 20:55:00,0
2014-09-13 09:00:00,DCNN,5034,12,1,NCM,697,1011,16.7,13,10.4,13,6,6,6,6,NA,NA,NA,NA,2014-09-13 08:59:00,0
2014-09-13 21:00:00,DCNN,5034,12,1,NCM,697,1011,21.4,15.8,NA,NA,6,6,NA,NA,NA,NA,NA,NA,2014-09-13 20:54:00,0
2014-09-14 09:00:00,DCNN,5034,12,1,NCM,697,1011,17.3,13.4,10.3,12.8,6,6,6,6,NA,NA,NA,NA,2014-09-14 08:54:00,0
2014-09-14 21:00:00,DCNN,5034,12,1,NCM,697,1011,21.9,16,NA,NA,6,6,NA,NA,NA,NA,NA,NA,2014-09-14 20:54:00,0
2014-09-15 09:00:00,DCNN,5034,12,1,NCM,697,1011,16.3,12.9,9.6,12,6,6,6,6,NA,NA,NA,NA,2014-09-15 08:54:00,0
2014-09-15 21:00:00,DCNN,5034,12,1,NCM,697,1011,22.9,15.8,NA,NA,6,1006,NA,NA,NA,NA,NA,NA,2014-09-15 20:59:00,0
2014-09-16 09:00:00,DCNN,5034,12,1,NCM,697,1011,16.8,14.4,10.4,13.5,6,6,6,6,NA,NA,NA,NA,2014-09-16 08:54:00,0
2014-09-16 21:00:00,DCNN,5034,12,1,NCM,697,1011,24.2,16.8,NA,NA,6,6,NA,NA,NA,NA,NA,NA,2014-09-16 20:54:00,0
2014-09-17 09:00:00,DCNN,5034,12,1,NCM,697,1011,17.8,16.3,13.8,16.7,6,6,6,6,NA,NA,NA,NA,2014-09-17 08:59:00,0
2014-09-17 21:00:00,DCNN,5034,12,1,NCM,697,1011,21.1,16.6,NA,NA,6,6,NA,NA,NA,NA,NA,NA,2014-09-17 20:54:00,0
2014-09-18 09:00:00,DCNN,5034,12,1,NCM,697,1011,18.5,15.5,13.5,15,6,6,6,6,NA,NA,NA,NA,2014-09-18 08:54:00,56
2014-09-18 21:00:00,DCNN,5034,12,1,NCM,697,1011,25.7,18.3,NA,NA,6,6,NA,NA,NA,NA,NA,NA,2014-09-18 20:56:00,245
2014-09-19 09:00:00,DCNN,5034,12,1,NCM,697,1011,19.5,15.9,14.8,15.9,6,6,6,6,NA,NA,NA,NA,2014-09-19 08:53:00,57
2014-09-19 21:00:00,DCNN,5034,12,1,NCM,697,1011,25,19.2,NA,NA,6,6,NA,NA,NA,NA,NA,NA,2014-09-19 20:55:00,246
2014-09-20 09:00:00,DCNN,5034,12,1,NCM,697,1011,19.6,16.7,15.4,17,6,6,6,6,NA,NA,NA,NA,2014-09-20 08:53:00,57
2014-09-20 21:00:00,DCNN,5034,12,1,NCM,697,1011,19.4,16.5,NA,NA,6,6,NA,NA,NA,NA,NA,NA,2014-09-20 20:54:00,247
2014-09-21 09:00:00,DCNN,5034,12,1,NCM,697,1011,16.5,12.7,11.4,13.1,6,6,6,6,NA,NA,NA,NA,2014-09-21 08:55:00,55
2014-09-21 21:00:00,DCNN,5034,12,1,NCM,697,1011,18.6,13.3,NA,NA,6,6,NA,NA,NA,NA,NA,NA,2014-09-21 20:55:00,246
2014-09-22 09:00:00,DCNN,5034,12,1,NCM,697,1011,13.9,10.2,6.5,9.5,6,6,6,6,NA,NA,NA,NA,2014-09-22 08:57:00,53
2014-09-22 21:00:00,DCNN,5034,12,1,NCM,697,1011,19.2,11.4,NA,NA,6,6,NA,NA,NA,NA,NA,NA,2014-09-22 20:53:00,0
2014-09-23 09:00:00,DCNN,5034,12,1,NCM,697,1011,13.5,8,5.2,8.8,6,6,6,6,NA,NA,NA,NA,2014-09-23 08:58:00,0
2014-09-23 21:00:00,DCNN,5034,12,1,NCM,697,1011,19.2,13.5,NA,NA,6,1006,NA,NA,NA,NA,NA,NA,2014-09-23 20:53:00,0
2014-09-24 09:00:00,DCNN,5034,12,1,NCM,697,1011,14.1,12.1,10,12.6,6,6,6,6,NA,NA,NA,NA,2014-09-24 08:54:00,56
2014-09-24 21:00:00,DCNN,5034,12,1,NCM,697,1011,19.6,13.7,NA,NA,6,6,NA,NA,NA,NA,NA,NA,2014-09-24 20:54:00,0
2014-09-25 09:00:00,DCNN,5034,12,1,NCM,697,1011,13.9,7.5,4.9,7.8,1006,6,6,6,NA,NA,NA,NA,2014-09-25 08:54:00,0
2014-09-25 21:00:00,DCNN,5034,12,1,NCM,697,1011,19.6,13.2,NA,NA,6,1006,NA,NA,NA,NA,NA,NA,2014-09-25 20:55:00,0
2014-09-26 09:00:00,DCNN,5034,12,1,NCM,697,1011,17,15.5,14.7,15.1,6,6,6,6,NA,NA,NA,NA,2014-09-26 08:59:00,0
2014-09-26 21:00:00,DCNN,5034,12,1,NCM,697,1011,22.2,15,NA,NA,6,6,NA,NA,NA,NA,NA,NA,2014-09-26 20:55:00,0
2014-09-27 09:00:00,DCNN,5034,12,1,NCM,697,1011,18.2,12.7,9.4,11.5,6,6,6,6,NA,NA,NA,NA,2014-09-27 08:59:00,0
2014-09-27 21:00:00,DCNN,5034,12,1,NCM,697,1011,20.8,16.2,NA,NA,6,6,NA,NA,NA,NA,NA,NA,2014-09-27 20:53:00,0
2014-09-28 09:00:00,DCNN,5034,12,1,NCM,697,1011,18.2,14.8,11.9,13.1,1006,6,6,6,NA,NA,NA,NA,2014-09-28 08:54:00,0
2014-09-28 21:00:00,DCNN,5034,12,1,NCM,697,1011,24.2,16.2,NA,NA,6,6,NA,NA,NA,NA,NA,NA,2014-09-28 20:56:00,0
2014-09-29 09:00:00,DCNN,5034,12,1,NCM,697,1011,17.2,13.4,10.2,12.3,6,6,6,6,NA,NA,NA,NA,2014-09-29 08:53:00,0
2014-09-29 21:00:00,DCNN,5034,12,1,NCM,697,1011,19.5,15.6,NA,NA,6,6,NA,NA,NA,NA,NA,NA,2014-09-29 20:54:00,0
2014-09-30 09:00:00,DCNN,5034,12,1,NCM,697,1011,17.7,14.8,12.4,13.1,6,6,6,6,NA,NA,NA,NA,2014-09-30 08:53:00,0
2014-09-30 21:00:00,DCNN,5034,12,1,NCM,697,1011,22.7,16,NA,NA,6,6,NA,NA,NA,NA,NA,NA,2014-09-30 20:58:00,0
2014-10-01 09:00:00,DCNN,5034,12,1,NCM,697,1011,17.4,14.9,12,13.3,1006,1006,1006,1006,NA,NA,NA,NA,2014-10-02 10:28:39,NA
2014-10-01 21:00:00,DCNN,5034,12,1,NCM,697,1011,20.8,16.2,NA,NA,6,6,NA,NA,NA,NA,NA,NA,2014-10-01 20:55:00,0
2014-10-02 09:00:00,DCNN,5034,12,1,NCM,697,1011,17.4,15.1,13.7,14.4,6,6,6,6,NA,NA,NA,NA,2014-10-02 08:55:00,0
2014-10-02 21:00:00,DCNN,5034,12,1,NCM,697,1011,21.5,15.1,NA,NA,6,6,NA,NA,NA,NA,NA,NA,2014-10-02 20:54:00,0
2014-10-03 09:00:00,DCNN,5034,12,1,NCM,697,1011,17.2,13.2,10.5,12,6,6,6,6,NA,NA,NA,NA,2014-10-03 08:55:00,0
2014-10-03 21:00:00,DCNN,5034,12,1,NCM,697,1011,21.7,15.8,NA,NA,6,6,NA,NA,NA,NA,NA,NA,2014-10-03 20:54:00,0
2014-10-04 09:00:00,DCNN,5034,12,1,NCM,697,1011,18.7,14.2,11.2,12.5,6,6,6,6,NA,NA,NA,NA,2014-10-04 08:55:00,0
2014-10-04 21:00:00,DCNN,5034,12,1,NCM,697,1011,18.7,9,NA,NA,6,6,NA,NA,NA,NA,NA,NA,2014-10-04 20:59:00,0
2014-10-05 09:00:00,DCNN,5034,12,1,NCM,697,1011,10.8,4.5,1.7,4.2,6,6,6,6,NA,NA,NA,NA,2014-10-05 08:54:00,0
2014-10-05 21:00:00,DCNN,5034,12,1,NCM,697,1011,16.6,9.8,NA,NA,6,1006,NA,NA,NA,NA,NA,NA,2014-10-05 21:00:00,0
2014-10-06 09:00:00,DCNN,5034,12,1,NCM,697,1011,13.4,8.9,5.1,7.4,6,6,6,6,NA,NA,NA,NA,2014-10-06 08:56:00,0
2014-10-06 21:00:00,DCNN,5034,12,1,NCM,697,1011,13.4,11.3,NA,NA,6,6,NA,NA,NA,NA,NA,NA,2014-10-06 20:55:00,0
2014-10-07 09:00:00,DCNN,5034,12,1,NCM,697,1011,11.6,8.6,5.8,7.6,6,6,6,6,NA,NA,NA,NA,2014-10-07 08:59:00,51
2014-10-07 21:00:00,DCNN,5034,12,1,NCM,697,1011,15.7,9.4,NA,NA,6,6,NA,NA,NA,NA,NA,NA,2014-10-07 20:54:00,0
2014-10-08 09:00:00,DCNN,5034,12,1,NCM,697,1011,13.2,8.8,5.1,6.4,6,6,6,6,NA,NA,NA,NA,2014-10-08 08:53:00,0
2014-10-08 21:00:00,DCNN,5034,12,1,NCM,697,1011,17.4,12.3,NA,NA,6,6,NA,NA,NA,NA,NA,NA,2014-10-08 20:56:00,0
2014-10-09 09:00:00,DCNN,5034,12,1,NCM,697,1011,15.2,11.6,8.4,8.4,6,6,6,6,NA,NA,NA,NA,2014-10-09 08:55:00,0
2014-10-09 21:00:00,DCNN,5034,12,1,NCM,697,1011,18.1,12.2,NA,NA,6,6,NA,NA,NA,NA,NA,NA,2014-10-09 20:57:00,0
2014-10-10 09:00:00,DCNN,5034,12,1,NCM,697,1011,13.5,8.9,5.7,7,6,6,6,6,NA,NA,NA,NA,2014-10-10 08:57:00,0
2014-10-10 21:00:00,DCNN,5034,12,1,NCM,697,1011,18.4,13.2,NA,NA,6,6,NA,NA,NA,NA,NA,NA,2014-10-10 20:58:00,0
2014-10-11 09:00:00,DCNN,5034,12,1,NCM,697,1011,13.6,10.7,7.5,8.9,6,6,6,6,NA,NA,NA,NA,2014-10-11 08:59:00,0
2014-10-11 21:00:00,DCNN,5034,12,1,NCM,697,1011,17.3,10.4,NA,NA,6,6,NA,NA,NA,NA,NA,NA,2014-10-11 21:25:00,0
2014-10-12 09:00:00,DCNN,5034,12,1,NCM,697,1011,11.1,7.3,3.8,6,6,6,6,6,NA,NA,NA,NA,2014-10-12 08:54:00,0
2014-10-12 21:00:00,DCNN,5034,12,1,NCM,697,1011,15.2,11.1,NA,NA,6,6,NA,NA,NA,NA,NA,NA,2014-10-12 20:56:00,0
2014-10-13 09:00:00,DCNN,5034,12,1,NCM,697,1011,13,11.5,11.1,11.5,6,6,6,6,NA,NA,NA,NA,2014-10-13 08:56:00,0
2014-10-13 21:00:00,DCNN,5034,12,1,NCM,697,1011,15.3,12.6,NA,NA,6,6,NA,NA,NA,NA,NA,NA,2014-10-13 20:54:00,0
2014-10-14 09:00:00,DCNN,5034,12,1,NCM,697,1011,13.8,12.4,12.2,12.9,6,6,6,6,NA,NA,NA,NA,2014-10-14 08:56:00,54
2014-10-14 21:00:00,DCNN,5034,12,1,NCM,697,1011,14.5,13.2,NA,NA,6,6,NA,NA,NA,NA,NA,NA,2014-10-14 20:55:00,0
2014-10-15 09:00:00,DCNN,5034,12,1,NCM,697,1011,13.9,12.6,12.1,12.7,6,6,6,6,NA,NA,NA,NA,2014-10-15 08:55:00,0
2014-10-15 21:00:00,DCNN,5034,12,1,NCM,697,1011,15.6,13,NA,NA,6,6,NA,NA,NA,NA,NA,NA,2014-10-15 20:55:00,0
2014-10-16 09:00:00,DCNN,5034,12,1,NCM,697,1011,14.3,11.3,8.5,9.9,6,6,6,6,NA,NA,NA,NA,2014-10-16 08:56:00,0
2014-10-16 21:00:00,DCNN,5034,12,1,NCM,697,1011,18.1,13.9,NA,NA,6,6,NA,NA,NA,NA,NA,NA,2014-10-16 20:54:00,0
2014-10-17 09:00:00,DCNN,5034,12,1,NCM,697,1011,16.2,13.1,10,10.7,6,6,6,6,NA,NA,NA,NA,2014-10-17 08:59:00,0
2014-10-17 21:00:00,DCNN,5034,12,1,NCM,697,1011,19.8,16.2,NA,NA,6,6,NA,NA,NA,NA,NA,NA,2014-10-17 21:23:00,0
2014-10-18 09:00:00,DCNN,5034,12,1,NCM,697,1011,19.2,16.3,14.4,13.9,6,6,6,6,NA,NA,NA,NA,2014-10-18 08:54:00,0
2014-10-18 21:00:00,DCNN,5034,12,1,NCM,697,1011,20.7,17.1,NA,NA,6,6,NA,NA,NA,NA,NA,NA,2014-10-18 20:54:00,0
2014-10-19 09:00:00,DCNN,5034,12,1,NCM,697,1011,18.1,15.9,14.9,15.1,6,6,6,6,NA,NA,NA,NA,2014-10-19 08:54:00,0
2014-10-19 21:00:00,DCNN,5034,12,1,NCM,697,1011,20.2,14.3,NA,NA,6,6,NA,NA,NA,NA,NA,NA,2014-10-19 20:55:00,0
2014-10-20 09:00:00,DCNN,5034,12,1,NCM,697,1011,14.8,12.9,11.1,11.6,6,6,6,6,NA,NA,NA,NA,2014-10-20 08:54:00,0
2014-10-20 21:00:00,DCNN,5034,12,1,NCM,697,1011,17.9,13.3,NA,NA,6,6,NA,NA,NA,NA,NA,NA,2014-10-20 20:54:00,0
2014-10-21 09:00:00,DCNN,5034,12,1,NCM,697,1011,14.6,13.1,10.1,11.4,6,6,6,6,NA,NA,NA,NA,2014-10-21 08:54:00,0
2014-10-21 21:00:00,DCNN,5034,12,1,NCM,697,1011,14.5,9.2,NA,NA,6,6,NA,NA,NA,NA,NA,NA,2014-10-21 20:54:00,0
2014-10-22 09:00:00,DCNN,5034,12,1,NCM,697,1011,9.7,6.6,3.3,4.6,6,6,6,6,NA,NA,NA,NA,2014-10-22 08:54:00,0
2014-10-22 21:00:00,DCNN,5034,12,1,NCM,697,1011,14,9,NA,NA,6,6,NA,NA,NA,NA,NA,NA,2014-10-22 20:54:00,0
2014-10-23 09:00:00,DCNN,5034,12,1,NCM,697,1011,13.7,10.9,8.3,9.5,6,6,6,6,NA,NA,NA,NA,2014-10-23 08:54:00,0
2014-10-23 21:00:00,DCNN,5034,12,1,NCM,697,1011,16.9,13.6,NA,NA,6,6,NA,NA,NA,NA,NA,NA,2014-10-23 20:54:00,0
2014-10-24 09:00:00,DCNN,5034,12,1,NCM,697,1011,15.5,13.7,12.1,12.7,6,6,6,6,NA,NA,NA,NA,2014-10-24 08:55:00,0
2014-10-24 21:00:00,DCNN,5034,12,1,NCM,697,1011,17.1,14.8,NA,NA,6,6,NA,NA,NA,NA,NA,NA,2014-10-24 20:55:00,0
2014-10-25 09:00:00,DCNN,5034,12,1,NCM,697,1011,14.8,7.6,3.8,6.4,1006,6,6,6,NA,NA,NA,NA,2014-10-25 08:55:00,0
2014-10-25 21:00:00,DCNN,5034,12,1,NCM,697,1011,15.9,11.5,NA,NA,6,6,NA,NA,NA,NA,NA,NA,2014-10-25 20:55:00,0
2014-10-26 09:00:00,DCNN,5034,12,1,NCM,697,1011,13.7,11.9,7.8,9.6,6,6,6,6,NA,NA,NA,NA,2014-10-26 08:59:00,0
2014-10-26 21:00:00,DCNN,5034,12,1,NCM,697,1011,15.8,12.8,NA,NA,6,6,NA,NA,NA,NA,NA,NA,2014-10-26 21:00:00,0
2014-10-27 09:00:00,DCNN,5034,12,1,NCM,697,1011,14.9,12.4,8.2,10.1,6,6,6,6,NA,NA,NA,NA,2014-10-27 08:54:00,0
2014-10-27 21:00:00,DCNN,5034,12,1,NCM,697,1011,19,13.3,NA,NA,6,6,NA,NA,NA,NA,NA,NA,2014-10-27 20:53:00,0
2014-10-28 09:00:00,DCNN,5034,12,1,NCM,697,1011,14.8,12.5,7.7,9.1,6,6,6,6,NA,NA,NA,NA,2014-10-28 08:56:00,0
2014-10-28 21:00:00,DCNN,5034,12,1,NCM,697,1011,19.3,14.2,NA,NA,6,6,NA,NA,NA,NA,NA,NA,2014-10-28 20:54:00,0
2014-10-29 09:00:00,DCNN,5034,12,1,NCM,697,1011,15.8,12.5,11.1,11.9,6,6,6,6,NA,NA,NA,NA,2014-10-29 08:55:00,0
2014-10-29 21:00:00,DCNN,5034,12,1,NCM,697,1011,13.5,12.9,NA,NA,6,6,NA,NA,NA,NA,NA,NA,2014-10-29 20:54:00,0
2014-10-30 09:00:00,DCNN,5034,12,1,NCM,697,1011,15.5,13.2,12.4,13,6,6,6,6,NA,NA,NA,NA,2014-10-30 08:56:00,0
2014-10-30 21:00:00,DCNN,5034,12,1,NCM,697,1011,18.5,13.9,NA,NA,6,6,NA,NA,NA,NA,NA,NA,2014-10-30 20:54:00,0
2014-10-31 09:00:00,DCNN,5034,12,1,NCM,697,1011,16.2,13.7,10.2,11.4,6,6,6,6,NA,NA,NA,NA,2014-10-31 08:54:00,0
2014-10-31 21:00:00,DCNN,5034,12,1,NCM,697,1011,23.2,16,NA,NA,6,6,NA,NA,NA,NA,NA,NA,2014-10-31 20:56:00,0
2014-11-01 09:00:00,DCNN,5034,12,1,NCM,697,1011,17.7,15.8,10.7,11.9,6,6,6,6,NA,NA,NA,NA,2014-11-01 08:54:00,0
2014-11-01 21:00:00,DCNN,5034,12,1,NCM,697,1011,18.1,12.8,NA,NA,6,6,NA,NA,NA,NA,NA,NA,2014-11-01 20:54:00,0
2014-11-02 09:00:00,DCNN,5034,12,1,NCM,697,1011,15.6,12.9,9.4,10.3,6,6,6,6,NA,NA,NA,NA,2014-11-02 08:54:00,0
2014-11-02 21:00:00,DCNN,5034,12,1,NCM,697,1011,15.8,11.8,NA,NA,6,6,NA,NA,NA,NA,NA,NA,2014-11-02 20:54:00,0
2014-11-03 09:00:00,DCNN,5034,12,1,NCM,697,1011,11.8,10.2,8.1,8.7,6,6,6,6,NA,NA,NA,NA,2014-11-03 08:54:00,0
2014-11-03 21:00:00,DCNN,5034,12,1,NCM,697,1011,10.6,6.5,NA,NA,6,6,NA,NA,NA,NA,NA,NA,2014-11-03 20:54:00,0
2014-11-04 09:00:00,DCNN,5034,12,1,NCM,697,1011,7.5,5.5,1.8,4.4,6,6,6,6,NA,NA,NA,NA,2014-11-04 08:54:00,0
2014-11-04 21:00:00,DCNN,5034,12,1,NCM,697,1011,12.6,6.6,NA,NA,6,6,NA,NA,NA,NA,NA,NA,2014-11-04 20:57:00,0
2014-11-05 09:00:00,DCNN,5034,12,1,NCM,697,1011,8.2,6.3,4.1,5.4,6,6,6,6,NA,NA,NA,NA,2014-11-05 08:54:00,0
2014-11-05 21:00:00,DCNN,5034,12,1,NCM,697,1011,11.3,7.4,NA,NA,6,6,NA,NA,NA,NA,NA,NA,2014-11-05 21:00:00,0
2014-11-06 09:00:00,DCNN,5034,12,1,NCM,697,1011,7.7,1.4,-2.4,0.8,6,6,6,6,NA,NA,NA,NA,2014-11-06 08:54:00,0
2014-11-06 21:00:00,DCNN,5034,12,1,NCM,697,1011,12.6,4.2,NA,NA,6,6,NA,NA,NA,NA,NA,NA,2014-11-06 20:56:00,0
2014-11-07 09:00:00,DCNN,5034,12,1,NCM,697,1011,13.4,10.5,9.3,9.6,6,6,6,6,NA,NA,NA,NA,2014-11-07 08:54:00,0
2014-11-07 21:00:00,DCNN,5034,12,1,NCM,697,1011,13.7,8.7,NA,NA,6,6,NA,NA,NA,NA,NA,NA,2014-11-07 20:56:00,0
2014-11-08 09:00:00,DCNN,5034,12,1,NCM,697,1011,11.7,7.6,3,4.3,6,6,6,6,NA,NA,NA,NA,2014-11-08 08:55:00,0
2014-11-08 21:00:00,DCNN,5034,12,1,NCM,697,1011,14.4,10.7,NA,NA,6,6,NA,NA,NA,NA,NA,NA,2014-11-08 20:56:00,0
2014-11-09 09:00:00,DCNN,5034,12,1,NCM,697,1011,10.8,8.3,6.4,8.1,6,6,6,6,NA,NA,NA,NA,2014-11-09 08:54:00,0
2014-11-09 21:00:00,DCNN,5034,12,1,NCM,697,1011,12.2,7.1,NA,NA,6,6,NA,NA,NA,NA,NA,NA,2014-11-09 20:56:00,0
2014-11-10 09:00:00,DCNN,5034,12,1,NCM,697,1011,9.3,7.7,2.5,4.9,6,6,6,6,NA,NA,NA,NA,2014-11-10 08:55:00,0
2014-11-10 21:00:00,DCNN,5034,12,1,NCM,697,1011,14.1,9.2,NA,NA,6,6,NA,NA,NA,NA,NA,NA,2014-11-10 20:54:00,0
2014-11-11 09:00:00,DCNN,5034,12,1,NCM,697,1011,12.3,10.4,7.4,7.8,6,6,6,6,NA,NA,NA,NA,2014-11-11 08:55:00,0
2014-11-11 21:00:00,DCNN,5034,12,1,NCM,697,1011,13.8,11.1,NA,NA,6,6,NA,NA,NA,NA,NA,NA,2014-11-11 20:54:00,0
2014-11-12 09:00:00,DCNN,5034,12,1,NCM,697,1011,12.5,11.3,9.3,9.7,6,6,6,6,NA,NA,NA,NA,2014-11-12 08:54:00,0
2014-11-12 21:00:00,DCNN,5034,12,1,NCM,697,1011,13.2,9.9,NA,NA,6,6,NA,NA,NA,NA,NA,NA,2014-11-12 20:54:00,0
2014-11-13 09:00:00,DCNN,5034,12,1,NCM,697,1011,11.3,8.9,4,5.5,6,6,6,6,NA,NA,NA,NA,2014-11-13 08:54:00,0
2014-11-13 21:00:00,DCNN,5034,12,1,NCM,697,1011,13.6,11.2,NA,NA,6,6,NA,NA,NA,NA,NA,NA,2014-11-13 20:54:00,0
2014-11-14 09:00:00,DCNN,5034,12,1,NCM,697,1011,13.5,11.2,9.6,9.1,6,6,6,6,NA,NA,NA,NA,2014-11-14 08:54:00,0
2014-11-14 21:00:00,DCNN,5034,12,1,NCM,697,1011,14.1,8.4,NA,NA,6,6,NA,NA,NA,NA,NA,NA,2014-11-14 20:56:00,0
2014-11-15 09:00:00,DCNN,5034,12,1,NCM,697,1011,10,7.6,2.8,4.9,6,6,6,6,NA,NA,NA,NA,2014-11-15 08:54:00,0
2014-11-15 21:00:00,DCNN,5034,12,1,NCM,697,1011,13.2,9.2,NA,NA,6,6,NA,NA,NA,NA,NA,NA,2014-11-15 20:55:00,0
2014-11-16 09:00:00,DCNN,5034,12,1,NCM,697,1011,10.5,8.9,3.8,6.2,6,6,6,6,NA,NA,NA,NA,2014-11-16 08:54:00,0
2014-11-16 21:00:00,DCNN,5034,12,1,NCM,697,1011,11.7,9.6,NA,NA,6,6,NA,NA,NA,NA,NA,NA,2014-11-16 20:54:00,0
2014-11-17 09:00:00,DCNN,5034,12,1,NCM,697,1011,9.8,7.7,7.3,8.2,6,6,6,6,NA,NA,NA,NA,2014-11-17 08:55:00,0
2014-11-17 21:00:00,DCNN,5034,12,1,NCM,697,1011,10.5,8.3,NA,NA,6,6,NA,NA,NA,NA,NA,NA,2014-11-17 20:59:00,0
2014-11-18 09:00:00,DCNN,5034,12,1,NCM,697,1011,9.4,7.6,NA,5.2,6,6,NA,6,NA,NA,NA,NA,2014-11-18 08:54:00,0
2014-11-18 21:00:00,DCNN,5034,12,1,NCM,697,1011,12.7,9.1,NA,NA,6,6,NA,NA,NA,NA,NA,NA,2014-11-18 21:04:00,0
2014-11-19 09:00:00,DCNN,5034,12,1,NCM,697,1011,10.5,8.4,NA,6.2,6,6,NA,6,NA,NA,NA,NA,2014-11-19 08:56:00,0
2014-11-19 21:00:00,DCNN,5034,12,1,NCM,697,1011,11.5,7.9,NA,NA,6,6,NA,NA,NA,NA,NA,NA,2014-11-19 20:56:00,0
2014-11-20 09:00:00,DCNN,5034,12,1,NCM,697,1011,9,7.1,NA,5.1,6,6,NA,6,NA,NA,NA,NA,2014-11-20 08:54:00,0
2014-11-20 21:00:00,DCNN,5034,12,1,NCM,697,1011,11.3,8.4,NA,NA,6,6,NA,NA,NA,NA,NA,NA,2014-11-20 20:56:00,0
2014-11-21 09:00:00,DCNN,5034,12,1,NCM,697,1022,8.8,6.4,NA,3.5,6,6,NA,6,NA,NA,NA,NA,2014-11-24 16:19:00,0
2014-11-21 21:00:00,DCNN,5034,12,1,NCM,697,1011,8.9,8,NA,NA,6,6,NA,NA,NA,NA,NA,NA,2014-11-21 20:53:00,0
2014-11-22 09:00:00,DCNN,5034,12,1,NCM,697,1011,12.4,8.5,NA,7.5,6,6,NA,6,NA,NA,NA,NA,2014-11-22 08:54:00,0
2014-11-22 21:00:00,DCNN,5034,12,1,NCM,697,1011,14.5,12.4,NA,NA,6,6,NA,NA,NA,NA,NA,NA,2014-11-22 20:55:00,0
2014-11-23 09:00:00,DCNN,5034,12,1,NCM,697,1011,14,9.5,NA,9.7,6,6,NA,6,NA,NA,NA,NA,2014-11-23 08:54:00,0
2014-11-23 21:00:00,DCNN,5034,12,1,NCM,697,1011,9.6,7.4,NA,NA,6,6,NA,NA,NA,NA,NA,NA,2014-11-23 20:55:00,0
2014-11-24 09:00:00,DCNN,5034,12,1,NCM,697,1011,8.1,1.8,NA,0.6,6,6,NA,6,NA,NA,NA,NA,2014-11-24 08:57:00,0
2014-11-24 21:00:00,DCNN,5034,12,1,NCM,697,1011,8.7,3.5,NA,NA,6,6,NA,NA,NA,NA,NA,NA,2014-11-24 20:55:00,0
2014-11-25 09:00:00,DCNN,5034,12,1,NCM,697,1011,5.8,2.7,NA,0.8,6,6,NA,6,NA,NA,NA,NA,2014-11-25 08:54:00,0
2014-11-25 21:00:00,DCNN,5034,12,1,NCM,697,1011,9.5,5.7,NA,NA,6,6,NA,NA,NA,NA,NA,NA,2014-11-25 20:57:00,0
2014-11-26 09:00:00,DCNN,5034,12,1,NCM,697,1011,9.2,8.1,NA,7.8,6,6,NA,6,NA,NA,NA,NA,2014-11-26 08:54:00,0
2014-11-26 21:00:00,DCNN,5034,12,1,NCM,697,1011,10,8.6,NA,NA,6,6,NA,NA,NA,NA,NA,NA,2014-11-26 20:57:00,0
2014-11-27 09:00:00,DCNN,5034,12,1,NCM,697,1011,10.5,9.2,NA,9.4,6,6,NA,6,NA,NA,NA,NA,2014-11-27 08:56:00,0
2014-11-27 21:00:00,DCNN,5034,12,1,NCM,697,1011,11.7,9.1,NA,NA,6,6,NA,NA,NA,NA,NA,NA,2014-11-27 20:54:00,0
2014-11-28 09:00:00,DCNN,5034,12,1,NCM,697,1011,11.6,9.6,NA,7.3,6,6,NA,6,NA,NA,NA,NA,2014-11-28 08:55:00,0
2014-11-28 21:00:00,DCNN,5034,12,1,NCM,697,1011,12.6,11.2,NA,NA,6,6,NA,NA,NA,NA,NA,NA,2014-11-28 20:55:00,0
2014-11-29 09:00:00,DCNN,5034,12,1,NCM,697,1011,12.3,10.5,NA,8.5,6,6,NA,6,NA,NA,NA,NA,2014-11-29 08:55:00,0
2014-11-29 21:00:00,DCNN,5034,12,1,NCM,697,1011,13.2,7.9,NA,NA,6,6,NA,NA,NA,NA,NA,NA,2014-11-29 20:55:00,0
2014-11-30 09:00:00,DCNN,5034,12,1,NCM,697,1011,8.7,6.1,NA,4.2,1006,6,NA,6,NA,NA,NA,NA,2014-11-30 08:55:00,0
2014-11-30 21:00:00,DCNN,5034,12,1,NCM,697,1011,12.4,8.4,NA,NA,6,6,NA,NA,NA,NA,NA,NA,2014-11-30 20:55:00,0
2014-12-01 09:00:00,DCNN,5034,12,1,NCM,697,1011,11.1,7.6,NA,7.3,6,6,NA,6,NA,NA,NA,NA,2014-12-01 08:57:00,0
2014-12-01 21:00:00,DCNN,5034,12,1,NCM,697,1011,7.9,6.6,NA,NA,6,6,NA,NA,NA,NA,NA,NA,2014-12-01 20:55:00,0
2014-12-02 09:00:00,DCNN,5034,12,1,NCM,697,1011,7.3,6.3,NA,6.6,6,6,NA,6,NA,NA,NA,NA,2014-12-02 08:55:00,0
2014-12-02 21:00:00,DCNN,5034,12,1,NCM,697,1011,8.7,7.3,NA,NA,6,6,NA,NA,NA,NA,NA,NA,2014-12-02 20:54:00,0
2014-12-03 09:00:00,DCNN,5034,12,1,NCM,697,1011,7.5,4.8,NA,2.7,6,6,NA,6,NA,NA,NA,NA,2014-12-03 08:55:00,0
2014-12-03 21:00:00,DCNN,5034,12,1,NCM,697,1011,8.9,5.7,NA,NA,6,6,NA,NA,NA,NA,NA,NA,2014-12-03 20:57:00,0
2014-12-04 09:00:00,DCNN,5034,12,1,NCM,697,1011,7.7,4.3,NA,4.9,6,6,NA,6,NA,NA,NA,NA,2014-12-04 08:54:00,0
2014-12-04 21:00:00,DCNN,5034,12,1,NCM,697,1011,4.5,3.3,NA,NA,6,6,NA,NA,NA,NA,NA,NA,2014-12-04 20:56:00,0
2014-12-05 09:00:00,DCNN,5034,12,1,NCM,697,1011,4.7,4,NA,3.8,6,6,NA,6,NA,NA,NA,NA,2014-12-05 08:54:00,0
2014-12-05 21:00:00,DCNN,5034,12,1,NCM,697,1011,6.7,3.3,NA,NA,6,6,NA,NA,NA,NA,NA,NA,2014-12-05 20:55:00,0
2014-12-06 09:00:00,DCNN,5034,12,1,NCM,697,1022,4.3,-0.5,NA,-1.1,6,6,NA,6,NA,NA,NA,NA,2014-12-08 11:08:00,0
2014-12-06 21:00:00,DCNN,5034,12,1,NCM,697,1011,5.9,0.5,NA,NA,6,6,NA,NA,NA,NA,NA,NA,2014-12-06 20:56:00,0
2014-12-07 09:00:00,DCNN,5034,12,1,NCM,697,1011,9.2,2.3,NA,-0.4,6,6,NA,6,NA,NA,NA,NA,2014-12-07 08:54:00,0
2014-12-07 21:00:00,DCNN,5034,12,1,NCM,697,1011,10.8,3.8,NA,NA,6,6,NA,NA,NA,NA,NA,NA,2014-12-07 20:54:00,0
2014-12-08 09:00:00,DCNN,5034,12,1,NCM,697,1011,4.6,2.9,NA,0.2,6,6,NA,6,NA,NA,NA,NA,2014-12-08 08:54:00,0
2014-12-08 21:00:00,DCNN,5034,12,1,NCM,697,1011,7.1,3.8,NA,NA,6,6,NA,NA,NA,NA,NA,NA,2014-12-08 20:54:00,0
2014-12-09 09:00:00,DCNN,5034,12,1,NCM,697,1011,5.1,-0.4,NA,-1.7,6,6,NA,6,NA,NA,NA,NA,2014-12-09 08:55:00,0
2014-12-09 21:00:00,DCNN,5034,12,1,NCM,697,1011,9.9,0.8,NA,NA,6,6,NA,NA,NA,NA,NA,NA,2014-12-09 20:54:00,0
2014-12-10 09:00:00,DCNN,5034,12,1,NCM,697,1011,12.3,6,NA,2.5,6,6,NA,6,NA,NA,NA,NA,2014-12-10 08:54:00,0
2014-12-10 21:00:00,DCNN,5034,12,1,NCM,697,1011,8.9,5.7,NA,NA,6,6,NA,NA,NA,NA,NA,NA,2014-12-10 20:53:00,0
2014-12-11 09:00:00,DCNN,5034,12,1,NCM,697,1011,7,5.5,NA,2.1,6,6,NA,6,NA,NA,NA,NA,2014-12-11 08:54:00,0
2014-12-11 21:00:00,DCNN,5034,12,1,NCM,697,1011,9.4,6.6,NA,NA,6,6,NA,NA,NA,NA,NA,NA,2014-12-11 20:54:00,0
2014-12-12 09:00:00,DCNN,5034,12,1,NCM,697,1011,10.5,8.4,NA,5.1,6,6,NA,6,NA,NA,NA,NA,2014-12-12 08:54:00,0
2014-12-12 21:00:00,DCNN,5034,12,1,NCM,697,1011,9.1,4.1,NA,NA,6,6,NA,NA,NA,NA,NA,NA,2014-12-12 21:00:00,0
2014-12-13 09:00:00,DCNN,5034,12,1,NCM,697,1011,4.4,0.8,-2.9,2.8,6,6,6,6,NA,NA,NA,NA,2014-12-13 08:54:00,0
2014-12-13 21:00:00,DCNN,5034,12,1,NCM,697,1011,7.5,0.8,NA,NA,6,6,NA,NA,NA,NA,NA,NA,2014-12-13 20:54:00,0
2014-12-14 09:00:00,DCNN,5034,12,1,NCM,697,1011,4.4,0.5,-4.7,1.1,6,6,6,6,NA,NA,NA,NA,2014-12-14 08:54:00,0
2014-12-14 21:00:00,DCNN,5034,12,1,NCM,697,1011,9.9,4.2,NA,NA,6,6,NA,NA,NA,NA,NA,NA,2014-12-14 20:54:00,0
2014-12-15 09:00:00,DCNN,5034,12,1,NCM,697,1011,9.9,5.7,2.9,5.2,6,6,6,6,NA,NA,NA,NA,2014-12-15 08:54:00,0
2014-12-15 21:00:00,DCNN,5034,12,1,NCM,697,1011,8.8,5.7,NA,NA,6,6,NA,NA,NA,NA,NA,NA,2014-12-15 20:56:00,0
2014-12-16 09:00:00,DCNN,5034,12,1,NCM,697,1011,7.1,2.2,-1.8,3.3,6,6,6,6,NA,NA,NA,NA,2014-12-16 08:54:00,0
2014-12-16 21:00:00,DCNN,5034,12,1,NCM,697,1011,7.4,2.7,NA,NA,6,6,NA,NA,NA,NA,NA,NA,2014-12-16 20:54:00,0
2014-12-17 09:00:00,DCNN,5034,12,1,NCM,697,1011,11.1,5.9,1.5,4.2,6,6,6,6,NA,NA,NA,NA,2014-12-17 08:54:00,0
2014-12-17 21:00:00,DCNN,5034,12,1,NCM,697,1011,13.8,11,NA,NA,6,6,NA,NA,NA,NA,NA,NA,2014-12-17 20:55:00,0
2014-12-18 09:00:00,DCNN,5034,12,1,NCM,697,1011,13.2,12.1,10.7,10.3,6,6,6,6,NA,NA,NA,NA,2014-12-18 08:54:00,0
2014-12-18 21:00:00,DCNN,5034,12,1,NCM,697,1011,13.7,12.8,NA,NA,6,6,NA,NA,NA,NA,NA,NA,2014-12-18 20:55:00,0
2014-12-19 09:00:00,DCNN,5034,12,1,NCM,697,1011,13.1,10.6,8.7,9,6,6,6,6,NA,NA,NA,NA,2014-12-19 08:54:00,0
2014-12-19 21:00:00,DCNN,5034,12,1,NCM,697,1011,10.6,5.8,NA,NA,6,6,NA,NA,NA,NA,NA,NA,2014-12-19 20:54:00,0
2014-12-20 09:00:00,DCNN,5034,12,1,NCM,697,1011,7.1,5.2,1.3,1.6,6,6,6,6,NA,NA,NA,NA,2014-12-20 08:54:00,0
2014-12-20 21:00:00,DCNN,5034,12,1,NCM,697,1011,10,6.9,NA,NA,6,6,NA,NA,NA,NA,NA,NA,2014-12-20 20:55:00,0
2014-12-21 09:00:00,DCNN,5034,12,1,NCM,697,1011,8.2,4.1,-0.2,0.5,6,6,6,6,NA,NA,NA,NA,2014-12-21 08:56:00,0
2014-12-21 21:00:00,DCNN,5034,12,1,NCM,697,1011,11.5,8,NA,NA,6,6,NA,NA,NA,NA,NA,NA,2014-12-21 20:54:00,0
2014-12-22 09:00:00,DCNN,5034,12,1,NCM,697,1011,13.8,11.4,8.7,8.3,6,6,6,6,NA,NA,NA,NA,2014-12-22 08:54:00,0
2014-12-22 21:00:00,DCNN,5034,12,1,NCM,697,1011,13.6,11.5,NA,NA,6,6,NA,NA,NA,NA,NA,NA,2014-12-22 20:53:00,0
2014-12-23 09:00:00,DCNN,5034,12,1,NCM,697,1011,12.2,11.1,9.4,8.9,6,6,6,6,NA,NA,NA,NA,2014-12-23 08:58:00,0
2014-12-23 21:00:00,DCNN,5034,12,1,NCM,697,1011,13.1,11,NA,NA,6,6,NA,NA,NA,NA,NA,NA,2014-12-23 20:56:00,0
2014-12-24 09:00:00,DCNN,5034,12,1,NCM,697,1011,11.9,10.3,9.3,9.4,6,6,6,6,NA,NA,NA,NA,2014-12-24 08:54:00,0
2014-12-24 21:00:00,DCNN,5034,12,1,NCM,697,1011,10.5,5,NA,NA,6,6,NA,NA,NA,NA,NA,NA,2014-12-24 20:54:00,0
2014-12-25 09:00:00,DCNN,5034,12,1,NCM,697,1011,5.5,3.9,0.3,0.3,6,6,6,6,NA,NA,NA,NA,2014-12-25 08:53:00,0
2014-12-25 21:00:00,DCNN,5034,12,1,NCM,697,1011,8.4,3.8,NA,NA,6,6,NA,NA,NA,NA,NA,NA,2014-12-25 20:53:00,0
2014-12-26 09:00:00,DCNN,5034,12,1,NCM,697,1011,4.2,0.8,-2.5,-1.7,6,6,6,6,NA,NA,NA,NA,2014-12-26 08:55:00,0
2014-12-26 21:00:00,DCNN,5034,12,1,NCM,697,1011,7,1.5,NA,NA,6,6,NA,NA,NA,NA,NA,NA,2014-12-26 20:54:00,0
2014-12-27 09:00:00,DCNN,5034,12,1,NCM,697,1011,9.1,2.6,2.2,2.5,6,6,6,6,NA,NA,NA,NA,2014-12-27 08:56:00,0
2014-12-27 21:00:00,DCNN,5034,12,1,NCM,697,1011,4.7,2.6,NA,NA,6,6,NA,NA,NA,NA,NA,NA,2014-12-27 20:54:00,0
2014-12-28 09:00:00,DCNN,5034,12,1,NCM,697,1011,3.2,2.1,-1.1,-1.7,6,6,6,6,NA,NA,NA,NA,2014-12-28 08:58:00,0
2014-12-28 21:00:00,DCNN,5034,12,1,NCM,697,1011,6,0.8,NA,NA,6,6,NA,NA,NA,NA,NA,NA,2014-12-28 20:56:00,0
2014-12-29 09:00:00,DCNN,5034,12,1,NCM,697,1011,1.5,-1.6,-5.8,-4.7,6,6,6,6,NA,NA,NA,NA,2014-12-29 08:54:00,0
2014-12-29 21:00:00,DCNN,5034,12,1,NCM,697,1011,6.2,-0.6,NA,NA,6,6,NA,NA,NA,NA,NA,NA,2014-12-29 20:53:00,0
2014-12-30 09:00:00,DCNN,5034,12,1,NCM,697,1011,1.2,-2.1,-6.3,-5.1,6,6,6,6,NA,NA,NA,NA,2014-12-30 08:54:00,0
2014-12-30 21:00:00,DCNN,5034,12,1,NCM,697,1011,5.9,-1.6,NA,NA,6,6,NA,NA,NA,NA,NA,NA,2014-12-30 20:54:00,0
2014-12-31 09:00:00,DCNN,5034,12,1,NCM,697,1011,1.5,-1.4,-5.6,-4.7,6,6,6,6,NA,NA,NA,NA,2014-12-31 08:54:00,0
2014-12-31 21:00:00,DCNN,5034,12,1,NCM,697,1011,7.6,0.2,NA,NA,6,6,NA,NA,NA,NA,NA,NA,2014-12-31 20:58:00,0
end data
